-- MySQL dump 10.13  Distrib 8.0.21, for Win64 (x86_64)
--
-- Host: 127.0.0.1    Database: db_customerinfo
-- ------------------------------------------------------
-- Server version	8.0.21

/*!40101 SET @OLD_CHARACTER_SET_CLIENT=@@CHARACTER_SET_CLIENT */;
/*!40101 SET @OLD_CHARACTER_SET_RESULTS=@@CHARACTER_SET_RESULTS */;
/*!40101 SET @OLD_COLLATION_CONNECTION=@@COLLATION_CONNECTION */;
/*!50503 SET NAMES utf8 */;
/*!40103 SET @OLD_TIME_ZONE=@@TIME_ZONE */;
/*!40103 SET TIME_ZONE='+00:00' */;
/*!40014 SET @OLD_UNIQUE_CHECKS=@@UNIQUE_CHECKS, UNIQUE_CHECKS=0 */;
/*!40014 SET @OLD_FOREIGN_KEY_CHECKS=@@FOREIGN_KEY_CHECKS, FOREIGN_KEY_CHECKS=0 */;
/*!40101 SET @OLD_SQL_MODE=@@SQL_MODE, SQL_MODE='NO_AUTO_VALUE_ON_ZERO' */;
/*!40111 SET @OLD_SQL_NOTES=@@SQL_NOTES, SQL_NOTES=0 */;

--
-- Table structure for table `tbl_complaint_order`
--

DROP TABLE IF EXISTS `tbl_complaint_order`;
/*!40101 SET @saved_cs_client     = @@character_set_client */;
/*!50503 SET character_set_client = utf8mb4 */;
CREATE TABLE `tbl_complaint_order` (
  `ORD_ID_CO` int NOT NULL,
  `CUST_ID_CO` int NOT NULL,
  `HOUSE_ID_CO` int NOT NULL,
  `TYPE_CO` varchar(10) NOT NULL,
  `CREATE_DTE_CO` date NOT NULL,
  `COMPL_DTE_CO` date NOT NULL,
  `STATUS_CO` varchar(5) NOT NULL,
  PRIMARY KEY (`ORD_ID_CO`),
  KEY `FK_KEY_CO` (`HOUSE_ID_CO`,`CUST_ID_CO`),
  CONSTRAINT `FK_KEY_CO` FOREIGN KEY (`HOUSE_ID_CO`, `CUST_ID_CO`) REFERENCES `tbl_house` (`HOUSE_ID_HSE`, `CUST_ID_HSE`)
) ENGINE=InnoDB DEFAULT CHARSET=utf8mb4 COLLATE=utf8mb4_0900_ai_ci;
/*!40101 SET character_set_client = @saved_cs_client */;

--
-- Dumping data for table `tbl_complaint_order`
--

LOCK TABLES `tbl_complaint_order` WRITE;
/*!40000 ALTER TABLE `tbl_complaint_order` DISABLE KEYS */;
INSERT INTO `tbl_complaint_order` VALUES (4000001,100006,200006,'COMPLAINT','2011-03-11','2011-03-14','CLOSE'),(4000002,100012,200012,'COMPLAINT','2017-12-29','2000-01-01','OPEN'),(4000003,100013,200013,'COMPLAINT','2014-02-21','2014-02-22','CLOSE'),(4000004,100020,200020,'COMPLAINT','2013-04-16','2013-04-20','CLOSE'),(4000005,100028,200028,'COMPLAINT','2013-08-24','2013-08-29','CLOSE'),(4000006,100031,200031,'COMPLAINT','2015-02-22','2015-02-26','CLOSE'),(4000007,100041,200041,'COMPLAINT','2017-12-25','2000-01-01','OPEN'),(4000008,100048,200048,'COMPLAINT','2014-06-21','2014-06-26','CLOSE'),(4000009,100053,200053,'COMPLAINT','2014-09-30','2014-10-01','CLOSE'),(4000010,100068,200068,'COMPLAINT','2015-05-05','2015-05-08','CLOSE'),(4000011,100069,200069,'COMPLAINT','2015-09-15','2015-09-16','CLOSE'),(4000012,100079,200079,'COMPLAINT','2014-05-19','2014-05-23','CLOSE'),(4000013,100083,200083,'COMPLAINT','2015-03-30','2015-04-04','CLOSE'),(4000014,100085,200085,'COMPLAINT','2014-10-02','2014-10-07','CLOSE'),(4000015,100089,200089,'COMPLAINT','2013-10-15','2013-10-19','CLOSE'),(4000016,100090,200090,'COMPLAINT','2012-04-06','2012-04-08','CLOSE'),(4000017,100092,200092,'COMPLAINT','2015-12-25','2015-12-28','CLOSE'),(4000018,100095,200095,'COMPLAINT','2011-11-05','2011-11-08','CLOSE'),(4000019,100101,200101,'COMPLAINT','2016-12-27','2016-12-28','CLOSE'),(4000020,100115,200115,'COMPLAINT','2014-11-30','2014-12-04','CLOSE'),(4000021,100116,200116,'COMPLAINT','2013-06-17','2013-06-20','CLOSE'),(4000022,100121,200121,'COMPLAINT','2013-10-29','2013-10-30','CLOSE'),(4000023,100123,200123,'COMPLAINT','2017-12-30','2000-01-01','OPEN'),(4000024,100125,200125,'COMPLAINT','2010-08-10','2010-08-12','CLOSE'),(4000025,100126,200126,'COMPLAINT','2013-10-21','2013-10-25','CLOSE'),(4000026,100144,200144,'COMPLAINT','2011-05-03','2011-05-05','CLOSE'),(4000027,100146,200146,'COMPLAINT','2017-12-29','2000-01-01','OPEN'),(4000028,100149,200149,'COMPLAINT','2011-05-29','2011-05-31','CLOSE'),(4000029,100150,200150,'COMPLAINT','2015-10-10','2015-10-15','CLOSE'),(4000030,100153,200153,'COMPLAINT','2014-08-28','2014-08-31','CLOSE'),(4000031,100155,200155,'COMPLAINT','2017-12-30','2000-01-01','OPEN'),(4000032,100164,200164,'COMPLAINT','2014-11-16','2014-11-20','CLOSE'),(4000033,100167,200167,'COMPLAINT','2017-12-27','2000-01-01','OPEN'),(4000034,100180,200180,'COMPLAINT','2011-05-24','2011-05-26','CLOSE'),(4000035,100199,200199,'COMPLAINT','2010-08-10','2010-08-11','CLOSE'),(4000036,100219,200219,'COMPLAINT','2014-07-08','2014-07-10','CLOSE'),(4000037,100227,200227,'COMPLAINT','2013-01-05','2013-01-06','CLOSE'),(4000038,100232,200232,'COMPLAINT','2013-07-10','2013-07-14','CLOSE'),(4000039,100244,200244,'COMPLAINT','2016-07-24','2016-07-26','CLOSE'),(4000040,100258,200258,'COMPLAINT','2014-03-04','2014-03-05','CLOSE'),(4000041,100261,200261,'COMPLAINT','2011-12-16','2011-12-18','CLOSE'),(4000042,100265,200265,'COMPLAINT','2015-05-20','2015-05-23','CLOSE'),(4000043,100266,200266,'COMPLAINT','2017-05-20','2017-05-23','CLOSE'),(4000044,100267,200267,'COMPLAINT','2016-12-03','2016-12-07','CLOSE'),(4000045,100268,200268,'COMPLAINT','2016-12-17','2016-12-19','CLOSE'),(4000046,100277,200277,'COMPLAINT','2012-06-11','2012-06-13','CLOSE'),(4000047,100285,200285,'COMPLAINT','2015-08-12','2015-08-15','CLOSE'),(4000048,100292,200292,'COMPLAINT','2012-04-30','2012-05-01','CLOSE'),(4000049,100295,200295,'COMPLAINT','2017-10-09','2017-10-10','CLOSE'),(4000050,100300,200300,'COMPLAINT','2016-10-08','2016-10-13','CLOSE'),(4000051,100310,200310,'COMPLAINT','2015-06-09','2015-06-13','CLOSE'),(4000052,100316,200316,'COMPLAINT','2015-03-06','2015-03-09','CLOSE'),(4000053,100325,200325,'COMPLAINT','2012-01-26','2012-01-30','CLOSE'),(4000054,100327,200327,'COMPLAINT','2012-03-23','2012-03-24','CLOSE'),(4000055,100328,200328,'COMPLAINT','2017-12-30','2000-01-01','OPEN'),(4000056,100332,200332,'COMPLAINT','2012-01-22','2012-01-26','CLOSE'),(4000057,100336,200336,'COMPLAINT','2016-08-21','2016-08-24','CLOSE'),(4000058,100339,200339,'COMPLAINT','2017-08-04','2017-08-07','CLOSE'),(4000059,100343,200343,'COMPLAINT','2014-08-08','2014-08-10','CLOSE'),(4000060,100350,200350,'COMPLAINT','2017-02-20','2017-02-25','CLOSE'),(4000061,100358,200358,'COMPLAINT','2014-01-18','2014-01-21','CLOSE'),(4000062,100360,200360,'COMPLAINT','2016-02-05','2016-02-07','CLOSE'),(4000063,100364,200364,'COMPLAINT','2015-11-26','2015-11-27','CLOSE'),(4000064,100375,200375,'COMPLAINT','2016-05-02','2016-05-05','CLOSE'),(4000065,100388,200388,'COMPLAINT','2017-12-28','2000-01-01','OPEN'),(4000066,100394,200394,'COMPLAINT','2014-11-14','2014-11-17','CLOSE'),(4000067,100419,200419,'COMPLAINT','2014-11-30','2014-12-02','CLOSE'),(4000068,100426,200426,'COMPLAINT','2014-10-17','2014-10-21','CLOSE'),(4000069,100178,200432,'COMPLAINT','2012-09-19','2012-09-23','CLOSE'),(4000070,100023,200438,'COMPLAINT','2014-12-30','2015-01-01','CLOSE'),(4000071,100385,200453,'COMPLAINT','2011-06-08','2011-06-10','CLOSE'),(4000072,100218,200457,'COMPLAINT','2017-05-14','2017-05-17','CLOSE'),(4000073,100059,200463,'COMPLAINT','2015-12-30','2016-01-01','CLOSE'),(4000074,100287,200473,'COMPLAINT','2013-04-03','2013-04-08','CLOSE'),(4000075,100267,200480,'COMPLAINT','2017-03-28','2017-04-02','CLOSE'),(4000076,100316,200482,'COMPLAINT','2011-10-11','2011-10-12','CLOSE'),(4000077,100197,200484,'COMPLAINT','2014-09-06','2014-09-08','CLOSE'),(4000078,100169,200487,'COMPLAINT','2016-04-14','2016-04-17','CLOSE'),(4000079,100052,200052,'COMPLAINT','2014-09-07','2014-09-11','CLOSE'),(4000080,100061,200061,'COMPLAINT','2011-05-06','2011-05-07','CLOSE'),(4000081,100102,200102,'COMPLAINT','2011-09-16','2011-09-18','CLOSE'),(4000082,100258,200258,'COMPLAINT','2016-05-14','2016-05-18','CLOSE'),(4000083,100272,200272,'COMPLAINT','2015-11-08','2015-11-13','CLOSE');
/*!40000 ALTER TABLE `tbl_complaint_order` ENABLE KEYS */;
UNLOCK TABLES;

--
-- Table structure for table `tbl_customer`
--

DROP TABLE IF EXISTS `tbl_customer`;
/*!40101 SET @saved_cs_client     = @@character_set_client */;
/*!50503 SET character_set_client = utf8mb4 */;
CREATE TABLE `tbl_customer` (
  `CUST_ID_CUS` int NOT NULL,
  `FNAME_CUS` varchar(50) NOT NULL,
  `LNAME_CUS` varchar(50) NOT NULL,
  `DOB_CUS` date NOT NULL,
  `PHONE_CUS` char(12) DEFAULT '000-0000-000',
  `EMAIL_CUS` varchar(70) DEFAULT NULL,
  PRIMARY KEY (`CUST_ID_CUS`),
  UNIQUE KEY `UQ__TBL_CUST__436D450D16910AFC` (`EMAIL_CUS`)
) ENGINE=InnoDB DEFAULT CHARSET=utf8mb4 COLLATE=utf8mb4_0900_ai_ci;
/*!40101 SET character_set_client = @saved_cs_client */;

--
-- Dumping data for table `tbl_customer`
--

LOCK TABLES `tbl_customer` WRITE;
/*!40000 ALTER TABLE `tbl_customer` DISABLE KEYS */;
INSERT INTO `tbl_customer` VALUES (100001,'Kallie','Blackwood','1975-09-07','415-9170-276','kallie.blackwood@abc.com'),(100002,'Johnetta','Abdallah','1995-08-08','919-6014-934','johnetta_abdallah@abc.com'),(100003,'Bobbye','Rhym','1972-09-18','650-5905-578','brhym@abc.com'),(100004,'Micaela','Rhymes','1967-08-05','925-1192-329','micaela_rhymes@abc.com'),(100005,'Tamar','Hoogland','1994-12-14','740-1061-857','tamar@abc.com'),(100006,'Moon','Parlato','1976-02-07','585-9253-831','moon@abc.com'),(100007,'Laurel','Reitler','1966-04-09','410-8683-483','laurel_reitler@abc.com'),(100008,'Delisa','Crupi','1975-11-20','973-7571-204','delisa.crupi@abc.com'),(100009,'Viva','Toelkes','1967-10-22','773-6528-556','viva.toelkes@abc.com'),(100010,'Elza','Lipke','1988-09-05','973-3365-344','elza@abc.com'),(100011,'Devorah','Chickering','1979-02-05','505-6458-855','devorah@abc.com'),(100012,'Timothy','Mulqueen','1967-05-13','718-6066-652','timothy_mulqueen@abc.org'),(100013,'Arlette','Honeywell','1970-10-09','904-7469-448','ahoneywell@abc.com'),(100014,'Dominque','Dickerson','1972-08-25','510-3067-375','dominque.dickerson@abc.org'),(100015,'Lettie','Isenhower','1968-09-27','216-7709-766','lettie_isenhower@abc.com'),(100016,'Myra','Munns','1986-05-26','817-4448-751','mmunns@abc.net'),(100017,'Stephaine','Barfield','1976-10-23','310-8962-764','stephaine@abc.com'),(100018,'Lai','Gato','1977-07-16','847-9778-728','lai.gato@abc.org'),(100019,'Stephen','Emigh','1968-01-11','330-5530-535','stephen_emigh@abc.com'),(100020,'Tyra','Shields','1980-04-27','215-3025-164','tshields@abc.com'),(100021,'Tammara','Wardrip','1995-04-25','650-5352-193','twardrip@abc.net'),(100022,'Cory','Gibes','1995-04-24','626-8825-109','cory.gibes@abc.com'),(100023,'Danica','Bruschke','1986-05-27','254-8757-856','danica_bruschke@abc.com'),(100024,'Wilda','Giguere','1981-09-17','907-6724-553','wilda@abc.net'),(100025,'Elvera','Benimadho','1994-04-26','408-8708-850','elvera.benimadho@abc.net'),(100026,'Carma','Vanheusen','1997-05-24','510-6621-716','carma@abc.net'),(100027,'Malinda','Hochard','1960-08-03','317-7685-506','malinda.hochard@abc.com'),(100028,'Natalie','Fern','1964-11-07','307-8620-871','natalie.fern@abc.com'),(100029,'Lisha','Centini','1964-08-23','703-5377-393','lisha@abc.org'),(100030,'Arlene','Klusman','1999-10-21','504-3316-584','arlene_klusman@abc.com'),(100031,'Alease','Buemi','1996-07-05','303-4327-494','alease@abc.com'),(100032,'Louisa','Cronauer','1966-11-18','510-6921-704','louisa@abc.com'),(100033,'Angella','Cetta','1978-10-04','808-4650-794','angella.cetta@abc.com'),(100034,'Cyndy','Goldammer','1985-03-04','952-7376-940','cgoldammer@abc.net'),(100035,'Rosio','Cork','1980-08-15','336-3288-565','rosio.cork@abc.com'),(100036,'Celeste','Korando','1981-01-06','516-7712-234','ckorando@abc.com'),(100037,'Twana','Felger','1996-05-10','503-7481-315','twana.felger@abc.org'),(100038,'Estrella','Samu','1994-06-13','608-6058-719','estrella@abc.com'),(100039,'Donte','Kines','1990-11-12','508-6044-857','dkines@abc.com'),(100040,'Tiffiny','Steffensmeier','1967-10-15','305-9857-969','tiffiny_steffensmeier@abc.net'),(100041,'Edna','Miceli','1987-08-12','814-8087-265','emiceli@abc.org'),(100042,'Sue','Kownacki','1961-07-16','972-7745-341','sue@abc.com'),(100043,'Jesusa','Shin','1966-12-17','931-5838-870','jshin@abc.com'),(100044,'Rolland','Francescon','1981-11-04','973-5816-292','rolland@abc.net'),(100045,'Pamella','Schmierer','1985-07-25','305-5164-897','pamella.schmierer@abc.org'),(100046,'Glory','Kulzer','1993-06-14','410-8235-946','gkulzer@abc.org'),(100047,'Shawna','Palaspas','1971-11-02','805-1098-356','shawna_palaspas@abc.org'),(100048,'Brandon','Callaro','1975-09-22','808-8254-683','brandon_callaro@abc.com'),(100049,'Scarlet','Cartan','1996-09-28','229-2374-337','scarlet.cartan@abc.com'),(100050,'Oretha','Menter','1993-06-27','617-2307-504','oretha_menter@abc.com'),(100051,'Ty','Smith','1981-08-05','201-8631-155','tsmith@abc.com'),(100052,'Xuan','Rochin','1975-02-20','650-3868-507','xuan@abc.com'),(100053,'Lindsey','Dilello','1961-06-22','909-7842-988','lindsey.dilello@abc.com'),(100054,'Devora','Perez','1998-01-15','510-4078-301','devora_perez@abc.org'),(100055,'Herman','Demesa','1994-11-18','518-6382-294','hdemesa@abc.net'),(100056,'Rory','Papasergi','1989-06-10','570-1596-748','rpapasergi@abc.net'),(100057,'Talia','Riopelle','1972-02-06','973-9948-213','talia_riopelle@abc.com'),(100058,'Van','Shire','1964-07-28','908-8601-289','van.shire@abc.com'),(100059,'Lucina','Lary','1996-11-13','321-6602-498','lucina_lary@abc.net'),(100060,'Bok','Isaacs','1994-09-12','718-2161-376','bok.isaacs@abc.com'),(100061,'Rolande','Spickerman','1968-01-21','808-7402-307','rolande.spickerman@abc.com'),(100062,'Howard','Paulas','1995-09-15','303-6277-424','hpaulas@abc.com'),(100063,'Kimbery','Madarang','1970-02-08','973-5478-163','kimbery_madarang@abc.net'),(100064,'Thurman','Manno','1961-04-05','609-9299-358','thurman.manno@abc.com'),(100065,'Becky','Mirafuentes','1982-08-03','908-6962-840','becky.mirafuentes@abc.com'),(100066,'Beatriz','Corrington','1980-09-23','508-6135-427','beatriz@abc.com'),(100067,'Marti','Maybury','1989-09-18','773-7957-452','marti.maybury@abc.com'),(100068,'Nieves','Gotter','1961-01-08','503-6462-527','nieves_gotter@abc.com'),(100069,'Leatha','Hagele','1985-02-14','214-3838-180','lhagele@abc.net'),(100070,'Valentin','Klimek','1960-08-23','312-4411-545','vklimek@abc.org'),(100071,'Melissa','Wiklund','1986-04-24','419-9878-361','melissa@abc.net'),(100072,'Sheridan','Zane','1979-06-23','951-5782-360','sheridan.zane@abc.com'),(100073,'Bulah','Padilla','1972-09-21','254-6950-436','bulah_padilla@abc.com'),(100074,'Audra','Kohnert','1976-05-09','615-1100-785','audra@abc.com'),(100075,'Daren','Weirather','1982-11-01','414-1110-254','dweirather@abc.com'),(100076,'Fernanda','Jillson','2000-01-20','410-8553-526','fjillson@abc.com'),(100077,'Gearldine','Gellinger','1984-11-14','972-5580-691','gearldine_gellinger@abc.com'),(100078,'Chau','Kitzman','1965-12-18','310-6204-802','chau@abc.com'),(100079,'Theola','Frey','1993-08-01','516-3764-576','theola_frey@abc.com'),(100080,'Cheryl','Haroldson','1998-01-07','609-4688-769','cheryl@abc.org'),(100081,'Laticia','Merced','1994-07-09','513-9786-737','lmerced@abc.com'),(100082,'Carissa','Batman','1970-10-21','541-3959-407','carissa.batman@abc.com'),(100083,'Lezlie','Craghead','1976-01-07','919-7266-376','lezlie.craghead@abc.org'),(100084,'Ozell','Shealy','1980-06-27','212-9143-843','oshealy@abc.com'),(100085,'Arminda','Parvis','1968-04-02','602-5154-941','arminda@abc.com'),(100086,'Reita','Leto','1977-02-02','317-8889-113','reita.leto@abc.com'),(100087,'Yolando','Luczki','1963-04-24','315-1926-475','yolando@abc.net'),(100088,'Lizette','Stem','1987-11-11','856-2701-541','lizette.stem@abc.com'),(100089,'Gregoria','Pawlowicz','1970-03-22','516-5129-191','gpawlowicz@abc.com'),(100090,'Carin','Deleo','1963-12-27','501-8904-104','cdeleo@abc.com'),(100091,'Chantell','Maynerich','1962-01-25','651-9941-258','chantell@abc.com'),(100092,'Dierdre','Yum','1978-09-25','215-5254-304','dyum@abc.com'),(100093,'Larae','Gudroe','1988-11-17','985-3386-726','larae_gudroe@abc.com'),(100094,'Latrice','Tolfree','1965-10-03','631-1501-762','latrice.tolfree@abc.com'),(100095,'Kerry','Theodorov','1992-10-03','916-8534-327','kerry.theodorov@abc.com'),(100096,'Dorthy','Hidvegi','1999-11-27','208-5248-237','dhidvegi@abc.com'),(100097,'Fannie','Lungren','1965-12-06','512-5045-574','fannie.lungren@abc.com'),(100098,'Evangelina','Radde','1985-06-09','215-8690-328','evangelina@abc.com'),(100099,'Novella','Degroot','1991-01-17','808-8663-477','novella_degroot@abc.org'),(100100,'Clay','Hoa','1991-06-09','775-9221-810','choa@abc.org'),(100101,'Jennifer','Fallick','1990-08-28','847-7169-954','jfallick@abc.com'),(100102,'Irma','Wolfgramm','1964-09-12','973-2111-735','irma.wolfgramm@abc.com'),(100103,'Eun','Coody','1977-04-28','864-1254-362','eun@abc.com'),(100104,'Sylvia','Cousey','1986-09-22','410-5899-954','sylvia_cousey@abc.org'),(100105,'Nana','Wrinkles','1981-08-14','914-5644-211','nana@abc.com'),(100106,'Layla','Springe','1995-11-05','212-5820-315','layla.springe@abc.net'),(100107,'Joesph','Degonia','1996-04-09','510-5811-978','joesph_degonia@abc.org'),(100108,'Annabelle','Boord','2000-05-23','978-7490-626','annabelle.boord@abc.net'),(100109,'Stephaine','Vinning','1991-02-07','415-7434-659','stephaine@abc.net'),(100110,'Nelida','Sawchuk','2000-07-04','201-4748-163','nelida@abc.com'),(100111,'Marguerita','Hiatt','1960-05-05','925-2228-715','marguerita.hiatt@abc.com'),(100112,'Carmela','Cookey','1982-03-18','773-6286-419','ccookey@abc.org'),(100113,'Junita','Brideau','1995-04-26','973-1750-342','jbrideau@abc.com'),(100114,'Claribel','Varriano','1978-10-22','419-5382-490','claribel_varriano@abc.net'),(100115,'Benton','Skursky','1966-12-20','310-2109-290','benton.skursky@abc.com'),(100116,'Hillary','Skulski','1995-02-20','352-7629-257','hillary.skulski@abc.com'),(100117,'Merilyn','Bayless','1990-07-15','408-9669-501','merilyn_bayless@abc.net'),(100118,'Teri','Ennaco','1992-09-23','570-6262-518','tennaco@abc.com'),(100119,'Merlyn','Lawler','1978-12-25','201-8790-781','merlyn_lawler@abc.com'),(100120,'Georgene','Montezuma','1971-01-19','925-3252-518','gmontezuma@abc.net'),(100121,'Jettie','Mconnell','1991-10-08','908-8889-356','jmconnell@abc.com'),(100122,'Lemuel','Latzke','1973-04-04','631-5373-647','lemuel.latzke@abc.com'),(100123,'Melodie','Knipp','1972-09-01','805-5437-168','mknipp@abc.com'),(100124,'Candida','Corbley','1972-02-25','908-9817-835','candida_corbley@abc.com'),(100125,'Karan','Karpin','1991-04-19','503-9816-832','karan_karpin@abc.com'),(100126,'Andra','Scheyer','1981-05-05','503-7751-218','andra@abc.com'),(100127,'Felicidad','Poullion','1992-08-14','856-7378-973','fpoullion@abc.com'),(100128,'Belen','Strassner','1991-04-23','770-3640-879','belen_strassner@abc.com'),(100129,'Gracia','Melnyk','1969-12-22','904-7765-363','gracia@abc.com'),(100130,'Jolanda','Hanafan','1982-03-16','207-1225-919','jhanafan@abc.com'),(100131,'Barrett','Toyama','1971-10-01','817-6708-578','barrett.toyama@abc.org'),(100132,'Helga','Fredicks','1962-10-22','716-1676-411','helga_fredicks@abc.com'),(100133,'Ashlyn','Pinilla','1977-10-07','305-6935-962','apinilla@abc.net'),(100134,'Fausto','Agramonte','1970-11-04','212-2579-178','fausto_agramonte@abc.com'),(100135,'Ronny','Caiafa','1961-01-03','215-2571-757','ronny.caiafa@abc.org'),(100136,'Marge','Limmel','1964-10-02','850-4846-166','marge@abc.com'),(100137,'Norah','Waymire','1970-11-21','415-1537-789','norah.waymire@abc.com'),(100138,'Aliza','Baltimore','1979-05-08','408-8386-355','aliza@abc.com'),(100139,'Mozell','Pelkowski','1986-03-12','650-3520-121','mpelkowski@abc.org'),(100140,'Viola','Bitsuie','1988-05-24','818-2979-487','viola@abc.com'),(100141,'Franklyn','Emard','1969-01-14','215-7060-818','femard@abc.com'),(100142,'Willodean','Konopacki','1980-07-17','337-2616-838','willodean_konopacki@abc.org'),(100143,'Beckie','Silvestrini','1987-06-20','313-4787-488','beckie.silvestrini@abc.com'),(100144,'Rebecka','Gesick','2000-08-06','512-7307-857','rgesick@abc.org'),(100145,'Frederica','Blunk','1981-05-02','214-7999-228','frederica_blunk@abc.com'),(100146,'Glen','Bartolet','1970-02-12','206-5629-579','glen_bartolet@abc.com'),(100147,'Freeman','Gochal','1970-12-26','610-5340-350','freeman_gochal@abc.com'),(100148,'Vincent','Meinerding','1980-03-23','215-5864-171','vincent.meinerding@abc.com'),(100149,'Rima','Bevelacqua','1974-09-13','310-2564-507','rima@abc.net'),(100150,'Glendora','Sarbacher','1962-06-28','707-1007-821','gsarbacher@abc.com'),(100151,'Avery','Steier','1988-11-19','407-1739-943','avery@abc.net'),(100152,'Cristy','Lother','1986-04-11','760-8642-432','cristy@abc.com'),(100153,'Nicolette','Brossart','1990-01-05','508-2603-923','nicolette_brossart@abc.com'),(100154,'Tracey','Modzelewski','1968-06-14','936-8001-929','tracey@abc.com'),(100155,'Virgina','Tegarden','1970-10-06','414-9769-869','virgina_tegarden@abc.com'),(100156,'Tiera','Frankel','1985-07-25','626-8658-411','tfrankel@abc.com'),(100157,'Alaine','Bergesen','1986-02-13','914-5398-919','alaine_bergesen@abc.net'),(100158,'Earleen','Mai','1988-10-25','214-8704-197','earleen_mai@abc.net'),(100159,'Leonida','Gobern','1969-11-05','228-7527-561','leonida@abc.org'),(100160,'Ressie','Auffrey','1984-05-11','305-5404-898','ressie.auffrey@abc.com'),(100161,'Justine','Mugnolo','1996-11-17','212-8981-922','jmugnolo@abc.com'),(100162,'Eladia','Saulter','1997-11-22','201-2571-492','eladia@abc.com'),(100163,'Chaya','Malvin','1969-01-14','734-4463-518','chaya@abc.com'),(100164,'Gwenn','Suffield','1994-04-03','631-8771-655','gwenn_suffield@abc.org'),(100165,'Salena','Karpel','1978-06-17','330-3087-855','skarpel@abc.net'),(100166,'Yoko','Fishburne','1970-09-05','203-6003-470','yoko@abc.com'),(100167,'Taryn','Moyd','1994-06-08','703-9772-404','taryn.moyd@abc.com'),(100168,'Katina','Polidori','1977-10-09','978-8481-297','katina_polidori@abc.com'),(100169,'Rickie','Plumer','1965-11-02','419-6910-133','rickie.plumer@abc.com'),(100170,'Alex','Loader','2000-10-08','253-7190-782','alex@abc.com'),(100171,'Lashon','Vizarro','1999-06-06','916-4268-788','lashon@abc.com'),(100172,'Lauran','Burnard','1962-05-27','307-6554-779','lburnard@abc.com'),(100173,'Ceola','Setter','1986-06-26','207-2539-756','ceola.setter@abc.org'),(100174,'My','Rantanen','1965-11-07','215-4241-563','my@abc.com'),(100175,'Lorrine','Worlds','1967-07-24','813-6725-293','lorrine.worlds@abc.com'),(100176,'Peggie','Sturiale','1972-03-21','619-6858-176','peggie@abc.net'),(100177,'Marvel','Raymo','1981-02-16','979-2963-896','mraymo@abc.com'),(100178,'Daron','Dinos','1982-02-03','847-2385-307','daron_dinos@abc.net'),(100179,'An','Fritz','1997-08-17','609-9900-526','an_fritz@abc.com'),(100180,'Portia','Stimmel','1972-06-19','908-1232-712','portia.stimmel@abc.com'),(100181,'Rhea','Aredondo','1964-06-07','718-4552-953','rhea_aredondo@abc.net'),(100182,'Benedict','Sama','1988-07-06','314-2857-158','bsama@abc.net'),(100183,'Alyce','Arias','1965-10-12','209-3141-180','alyce@abc.org'),(100184,'Heike','Berganza','1977-08-02','973-8297-509','heike@abc.com'),(100185,'Carey','Dopico','1970-08-12','317-7921-245','carey_dopico@abc.org'),(100186,'Dottie','Hellickson','1990-12-09','206-4444-607','dottie@abc.org'),(100187,'Deandrea','Hughey','1998-07-19','336-8702-765','deandrea@abc.com'),(100188,'Kimberlie','Duenas','1996-11-05','785-4378-854','kimberlie_duenas@abc.com'),(100189,'Martina','Staback','1994-07-20','407-4737-690','martina_staback@abc.com'),(100190,'Skye','Fillingim','1964-10-04','612-8514-265','skye_fillingim@abc.com'),(100191,'Jade','Farrar','1983-05-22','803-9069-538','jade.farrar@abc.com'),(100192,'Charlene','Hamilton','1981-12-07','707-2034-177','charlene.hamilton@abc.com'),(100193,'Geoffrey','Acey','1977-05-09','847-2324-173','geoffrey@abc.com'),(100194,'Stevie','Westerbeck','1999-07-20','949-5915-407','stevie.westerbeck@abc.com'),(100195,'Pamella','Fortino','1999-08-28','303-4320-221','pamella@abc.com'),(100196,'Harrison','Haufler','1965-08-15','203-5893-619','hhaufler@abc.com'),(100197,'Johnna','Engelberg','1984-10-25','425-4896-757','jengelberg@abc.org'),(100198,'Buddy','Cloney','1971-11-16','440-4991-582','buddy.cloney@abc.com'),(100199,'Dalene','Riden','1982-07-13','603-4249-683','dalene.riden@abc.com'),(100200,'Jerry','Zurcher','1983-07-01','321-9156-593','jzurcher@abc.org'),(100201,'Haydee','Denooyer','1982-09-08','212-5221-865','hdenooyer@abc.org'),(100202,'Joseph','Cryer','1983-07-03','714-8448-223','joseph_cryer@abc.net'),(100203,'Deonna','Kippley','1996-06-05','248-4025-467','deonna_kippley@abc.com'),(100204,'Raymon','Calvaresi','1977-12-18','317-6370-472','raymon.calvaresi@abc.com'),(100205,'Alecia','Bubash','1990-09-03','940-7291-792','alecia@abc.com'),(100206,'Ma','Layous','2000-05-01','203-4924-338','mlayous@abc.com'),(100207,'Detra','Coyier','1966-07-13','410-6359-927','detra@abc.com'),(100208,'Terrilyn','Rodeigues','1962-02-18','504-9957-438','terrilyn.rodeigues@abc.net'),(100209,'Salome','Lacovara','1996-06-22','804-9838-509','slacovara@abc.com'),(100210,'Garry','Keetch','1965-08-09','215-7188-877','garry_keetch@abc.com'),(100211,'Matthew','Neither','1965-12-03','952-4141-759','mneither@abc.com'),(100212,'Theodora','Restrepo','1976-02-27','305-7140-822','theodora.restrepo@abc.com'),(100213,'Noah','Kalafatis','1992-09-08','414-5244-528','noah.kalafatis@abc.com'),(100214,'Carmen','Sweigard','1989-05-18','732-6406-262','csweigard@abc.com'),(100215,'Lavonda','Hengel','1980-10-15','701-5644-215','lavonda@abc.net'),(100216,'Junita','Stoltzman','1975-04-21','775-4898-996','junita@abc.com'),(100217,'Herminia','Nicolozakes','1976-06-22','602-9557-514','herminia@abc.org'),(100218,'Casie','Good','1985-01-05','615-3315-225','casie.good@abc.com'),(100219,'Reena','Maisto','1997-12-02','410-1445-186','reena@abc.com'),(100220,'Mirta','Mallett','1979-11-09','212-9917-128','mirta_mallett@abc.com'),(100221,'Cathrine','Pontoriero','1973-07-20','806-9624-143','cathrine.pontoriero@abc.com'),(100222,'Filiberto','Tawil','1960-03-14','323-5060-252','ftawil@abc.com'),(100223,'Raul','Upthegrove','1964-05-06','619-3023-528','rupthegrove@abc.com'),(100224,'Sarah','Candlish','1992-05-09','770-6135-119','sarah.candlish@abc.com'),(100225,'Lucy','Treston','2000-05-11','508-2882-525','lucy@abc.net'),(100226,'Judy','Aquas','1978-03-19','269-5612-722','jaquas@abc.com'),(100227,'Yvonne','Tjepkema','1980-10-03','973-1172-172','yvonne.tjepkema@abc.com'),(100228,'Kayleigh','Lace','1974-08-10','337-8364-932','kayleigh.lace@abc.com'),(100229,'Felix','Hirpara','1969-07-20','717-5586-564','felix_hirpara@abc.net'),(100230,'Tresa','Sweely','1977-02-28','314-1529-956','tresa_sweely@abc.com'),(100231,'Kristeen','Turinetti','1978-01-05','817-9141-885','kristeen@abc.com'),(100232,'Jenelle','Regusters','1975-07-08','813-2638-871','jregusters@abc.com'),(100233,'Renea','Monterrubio','1970-05-09','770-3748-475','renea@abc.com'),(100234,'Olive','Matuszak','1969-04-17','760-5097-606','olive@abc.com'),(100235,'Ligia','Reiber','1989-08-24','517-9100-110','lreiber@abc.net'),(100236,'Christiane','Eschberger','1993-05-15','602-9735-494','christiane.eschberger@abc.com'),(100237,'Goldie','Schirpke','1996-08-12','207-6419-756','goldie.schirpke@abc.com'),(100238,'Loreta','Timenez','1964-08-08','301-4030-642','loreta.timenez@abc.com'),(100239,'Fabiola','Hauenstein','1983-12-09','717-1542-311','fabiola.hauenstein@abc.org'),(100240,'Amie','Perigo','1979-10-16','972-7582-794','amie.perigo@abc.com'),(100241,'Raina','Brachle','1963-11-10','406-2939-151','raina.brachle@abc.org'),(100242,'Erinn','Canlas','1960-03-11','973-1483-300','erinn.canlas@abc.com'),(100243,'Cherry','Lietz','1961-12-25','248-6013-690','cherry@abc.com'),(100244,'Kattie','Vonasek','1971-03-26','216-7138-371','kattie@abc.org'),(100245,'Lilli','Scriven','1979-02-25','325-9228-156','lilli@abc.com'),(100246,'Whitley','Tomasulo','1997-11-02','817-7577-440','whitley.tomasulo@abc.com'),(100247,'Barbra','Adkin','1976-09-05','718-7238-375','badkin@abc.com'),(100248,'Hermila','Thyberg','1960-04-07','401-6609-488','hermila_thyberg@abc.com'),(100249,'Jesusita','Flister','1997-04-10','717-2907-911','jesusita.flister@abc.com'),(100250,'Caitlin','Julia','1973-09-11','401-8898-498','caitlin.julia@abc.org'),(100251,'Roosevelt','Hoffis','1986-12-06','305-8723-473','roosevelt.hoffis@abc.com'),(100252,'Helaine','Halter','1964-02-19','201-1598-416','hhalter@abc.com'),(100253,'Lorean','Martabano','1984-09-22','210-9115-497','lorean.martabano@abc.com'),(100254,'France','Buzick','1974-12-12','718-1518-850','france.buzick@abc.com'),(100255,'Justine','Ferrario','1989-01-28','909-8961-324','jferrario@abc.com'),(100256,'Adelina','Nabours','1981-08-09','216-4600-489','adelina_nabours@abc.com'),(100257,'Derick','Dhamer','1968-05-05','212-2540-451','ddhamer@abc.net'),(100258,'Jerry','Dallen','1964-02-26','804-6711-957','jerry.dallen@abc.com'),(100259,'Leota','Ragel','1983-08-26','706-5903-424','leota.ragel@abc.com'),(100260,'Jutta','Amyot','1996-07-16','337-7521-143','jamyot@abc.com'),(100261,'Aja','Gehrett','1969-04-01','973-4065-267','aja_gehrett@abc.com'),(100262,'Kirk','Herritt','1994-12-24','607-9374-371','kirk.herritt@abc.com'),(100263,'Leonora','Mauson','1964-12-19','973-2871-299','leonora@abc.com'),(100264,'Winfred','Brucato','1971-06-23','208-6075-455','winfred_brucato@abc.com'),(100265,'Tarra','Nachor','1998-08-17','415-7915-177','tarra.nachor@abc.net'),(100266,'Corinne','Loder','1975-07-28','508-4991-418','corinne@abc.org'),(100267,'Dulce','Labreche','1960-07-13','248-8463-871','dulce_labreche@abc.com'),(100268,'Kate','Keneipp','1977-05-02','920-9909-637','kate_keneipp@abc.com'),(100269,'Kaitlyn','Ogg','1977-08-15','410-3599-490','kaitlyn.ogg@abc.com'),(100270,'Sherita','Saras','1983-01-19','719-6584-166','sherita.saras@abc.net'),(100271,'Lashawnda','Stuer','1975-05-03','419-2667-871','lstuer@abc.net'),(100272,'Ernest','Syrop','1984-04-28','301-4065-964','ernest@abc.net'),(100273,'Nobuko','Halsey','1994-12-07','508-8308-988','nobuko.halsey@abc.com'),(100274,'Lavonna','Wolny','1966-07-14','703-7992-197','lavonna.wolny@abc.com'),(100275,'Lashaunda','Lizama','1994-01-01','410-8604-247','llizama@abc.net'),(100276,'Mariann','Bilden','1962-01-11','512-7394-479','mariann.bilden@abc.com'),(100277,'Helene','Rodenberger','1972-03-04','623-3508-855','helene@abc.com'),(100278,'Roselle','Estell','1977-05-03','419-9822-592','roselle.estell@abc.com'),(100279,'Samira','Heintzman','1983-07-24','206-9903-413','sheintzman@abc.com'),(100280,'Margart','Meisel','1998-10-06','513-5708-236','margart_meisel@abc.com'),(100281,'Kristofer','Bennick','1997-10-26','812-5405-151','kristofer.bennick@abc.com'),(100282,'Weldon','Acuff','1999-08-05','847-2724-215','wacuff@abc.com'),(100283,'Shalon','Shadrick','1995-07-12','718-5349-233','shalon@abc.net'),(100284,'Denise','Patak','1969-03-11','407-1674-435','denise@abc.org'),(100285,'Louvenia','Beech','1995-12-08','310-7635-211','louvenia.beech@abc.com'),(100286,'Audry','Yaw','1961-09-01','813-3511-481','audry.yaw@abc.org'),(100287,'Kristel','Ehmann','1963-09-24','915-5300-129','kristel.ehmann@abc.com'),(100288,'Vincenza','Zepp','1986-02-04','619-5431-512','vzepp@abc.com'),(100289,'Elouise','Gwalthney','1960-04-05','301-8784-501','egwalthney@abc.com'),(100290,'Venita','Maillard','1963-03-07','714-1096-665','venita_maillard@abc.com'),(100291,'Kasandra','Semidey','1985-09-24','314-3253-913','kasandra_semidey@abc.com'),(100292,'Xochitl','Discipio','1996-03-10','512-5174-183','xdiscipio@abc.com'),(100293,'Maile','Linahan','1987-03-02','336-1224-264','mlinahan@abc.com'),(100294,'Krissy','Rauser','1986-04-13','631-4411-471','krauser@abc.net'),(100295,'Pete','Dubaldi','1993-03-16','201-3698-251','pdubaldi@abc.com'),(100296,'Linn','Paa','1967-05-03','901-2943-438','linn_paa@abc.com'),(100297,'Paris','Wide','1998-10-23','404-2518-444','paris@abc.com'),(100298,'Wynell','Dorshorst','2000-01-03','650-6094-126','wynell_dorshorst@abc.org'),(100299,'Quentin','Birkner','2000-01-04','952-5281-799','qbirkner@abc.com'),(100300,'Regenia','Kannady','1982-08-28','480-3221-128','regenia.kannady@abc.net'),(100301,'Sheron','Louissant','1963-06-03','718-9284-861','sheron@abc.com'),(100302,'Izetta','Funnell','1960-07-22','770-9673-344','izetta.funnell@abc.com'),(100303,'Rodolfo','Butzen','1963-10-23','507-4751-351','rodolfo@abc.com'),(100304,'Zona','Colla','1969-11-02','203-4033-194','zona@abc.com'),(100305,'Serina','Zagen','1981-02-14','260-9965-372','szagen@abc.com'),(100306,'Paz','Sahagun','1968-04-27','601-4036-828','paz_sahagun@abc.net'),(100307,'Markus','Lukasik','1985-02-25','586-5658-738','markus@abc.com'),(100308,'Jaclyn','Bachman','1969-12-05','719-6390-360','jaclyn@abc.com'),(100309,'Cyril','Daufeldt','1995-10-24','212-7284-848','cyril_daufeldt@abc.com'),(100310,'Gayla','Schnitzler','1978-03-26','510-1254-340','gschnitzler@abc.com'),(100311,'Erick','Nievas','1983-02-19','773-1759-990','erick_nievas@abc.com'),(100312,'Jennie','Drymon','1990-10-03','570-2917-483','jennie@abc.net'),(100313,'Mitsue','Scipione','1993-06-05','530-8719-927','mscipione@abc.com'),(100314,'Ciara','Ventura','1961-10-25','845-1472-887','cventura@abc.com'),(100315,'Galen','Cantres','1977-08-05','216-4536-611','galen@abc.com'),(100316,'Truman','Feichtner','2000-09-22','973-3160-273','tfeichtner@abc.com'),(100317,'Gail','Kitty','1988-03-05','907-7795-916','gail@abc.com'),(100318,'Dalene','Schoeneck','1988-06-07','215-6332-127','dalene@abc.org'),(100319,'Gertude','Witten','1987-09-10','513-3724-704','gertude.witten@abc.com'),(100320,'Lizbeth','Kohl','1996-01-05','310-5593-122','lizbeth@abc.com'),(100321,'Glenn','Berray','1970-11-01','515-4063-734','gberray@abc.com'),(100322,'Lashandra','Klang','1997-04-17','610-2330-181','lashandra@abc.com'),(100323,'Lenna','Newville','2000-06-10','919-4468-252','lnewville@abc.com'),(100324,'Laurel','Pagliuca','1985-11-18','509-7946-519','laurel@abc.com'),(100325,'Mireya','Frerking','1982-06-21','914-9462-596','mireya.frerking@abc.com'),(100326,'Annelle','Tagala','1981-12-21','410-4358-103','annelle@abc.com'),(100327,'Dean','Ketelsen','1973-07-26','516-6767-441','dean_ketelsen@abc.com'),(100328,'Levi','Munis','1997-01-05','508-3513-490','levi.munis@abc.com'),(100329,'Sylvie','Ryser','1976-10-21','918-9487-955','sylvie@abc.com'),(100330,'Sharee','Maile','1960-12-24','231-2048-997','sharee_maile@abc.com'),(100331,'Cordelia','Storment','1968-10-08','337-9628-600','cordelia_storment@abc.com'),(100332,'Mollie','Mcdoniel','1984-10-24','419-1417-318','mollie_mcdoniel@abc.com'),(100333,'Brett','Mccullan','1988-10-04','619-4219-998','brett.mccullan@abc.com'),(100334,'Teddy','Pedrozo','1964-11-27','203-2817-386','teddy_pedrozo@abc.com'),(100335,'Tasia','Andreason','1969-10-21','201-6500-900','tasia_andreason@abc.com'),(100336,'Hubert','Walthall','1978-08-22','330-9123-134','hubert@abc.org'),(100337,'Arthur','Farrow','1981-03-27','201-4269-568','arthur.farrow@abc.com'),(100338,'Vilma','Berlanga','1986-04-10','616-5539-308','vberlanga@abc.com'),(100339,'Billye','Miro','1984-12-07','601-4270-538','billye_miro@abc.net'),(100340,'Glenna','Slayton','1986-06-13','901-1317-917','glenna_slayton@abc.net'),(100341,'Mitzie','Hudnall','1985-10-24','303-2076-194','mitzie_hudnall@abc.com'),(100342,'Bernardine','Rodefer','1982-07-15','901-6959-472','bernardine_rodefer@abc.com'),(100343,'Staci','Schmaltz','1990-01-01','626-9090-233','staci_schmaltz@abc.com'),(100344,'Nichelle','Meteer','1974-11-17','773-3338-998','nichelle_meteer@abc.com'),(100345,'Janine','Rhoden','1968-09-08','718-6116-589','jrhoden@abc.com'),(100346,'Ettie','Hoopengardner','1977-01-17','509-3196-539','ettie.hoopengardner@abc.com'),(100347,'Eden','Jayson','1996-06-25','410-4144-786','eden_jayson@abc.com'),(100348,'Lynelle','Auber','1993-06-14','973-3339-861','lynelle_auber@abc.com'),(100349,'Merissa','Tomblin','1974-11-09','562-1171-690','merissa.tomblin@abc.com'),(100350,'Golda','Kaniecki','1996-08-19','732-4741-990','golda_kaniecki@abc.com'),(100351,'Catarina','Gleich','1965-03-01','973-6903-399','catarina_gleich@abc.com'),(100352,'Virgie','Kiel','1986-06-09','303-6811-754','vkiel@abc.com'),(100353,'Jolene','Ostolaza','1983-01-09','757-5001-711','jolene@abc.com'),(100354,'Keneth','Borgman','1999-08-16','602-4483-421','keneth@abc.com'),(100355,'Rikki','Nayar','1982-11-20','305-8678-948','rikki@abc.com'),(100356,'Elke','Sengbusch','1979-11-08','602-7111-299','elke_sengbusch@abc.com'),(100357,'Hoa','Sarao','1982-10-23','386-6110-780','hoa@abc.org'),(100358,'Trinidad','Mcrae','1996-10-26','415-1706-963','trinidad_mcrae@abc.com'),(100359,'Mari','Lueckenbach','1987-05-15','858-2526-968','mari_lueckenbach@abc.com'),(100360,'Selma','Husser','1981-12-06','201-3764-836','selma.husser@abc.net'),(100361,'Antione','Onofrio','1976-12-23','909-4652-776','aonofrio@abc.com'),(100362,'Luisa','Jurney','1995-11-19','617-1711-213','ljurney@abc.com'),(100363,'Clorinda','Heimann','1995-06-04','760-8083-549','clorinda.heimann@abc.com'),(100364,'Dick','Wenzinger','1986-06-21','310-9944-971','dick@abc.com'),(100365,'Ahmed','Angalich','1989-12-01','717-4345-899','ahmed.angalich@abc.com'),(100366,'Iluminada','Ohms','1994-06-14','480-8764-288','iluminada.ohms@abc.com'),(100367,'Joanna','Leinenbach','1979-09-04','561-7499-457','joanna_leinenbach@abc.com'),(100368,'Caprice','Suell','1981-03-25','615-2389-182','caprice@abc.com'),(100369,'Stephane','Myricks','1994-05-02','859-2374-763','stephane_myricks@abc.net'),(100370,'Quentin','Swayze','1961-10-04','734-1759-617','quentin_swayze@abc.com'),(100371,'Annmarie','Castros','1982-10-08','936-7421-796','annmarie_castros@abc.com'),(100372,'Shonda','Greenbush','1984-01-05','973-5091-243','shonda_greenbush@abc.net'),(100373,'Cecil','Lapage','1968-09-25','201-1149-396','clapage@abc.com'),(100374,'Jeanice','Claucherty','1999-02-15','305-9956-416','jeanice.claucherty@abc.com'),(100375,'Josphine','Villanueva','2000-09-15','931-4750-977','josphine_villanueva@abc.com'),(100376,'Daniel','Perruzza','1962-06-16','714-6531-388','dperruzza@abc.com'),(100377,'Cassi','Wildfong','1988-06-12','847-2213-321','cassi.wildfong@abc.com'),(100378,'Britt','Galam','1989-08-08','215-9490-330','britt@abc.org'),(100379,'Adell','Lipkin','1989-11-22','973-7746-156','adell.lipkin@abc.com'),(100380,'Jacqueline','Rowling','1997-05-21','814-5118-811','jacqueline.rowling@abc.com'),(100381,'Lonny','Weglarz','1960-08-26','801-4333-985','lonny_weglarz@abc.com'),(100382,'Lonna','Diestel','1968-08-23','910-1397-367','lonna_diestel@abc.com'),(100383,'Cristal','Samara','1988-03-28','213-8346-802','cristal@abc.net'),(100384,'Kenneth','Grenet','1960-09-06','517-3809-232','kenneth.grenet@abc.org'),(100385,'Elli','Mclaird','1985-01-07','315-3874-263','emclaird@abc.com'),(100386,'Alline','Jeanty','1963-06-03','574-5686-280','ajeanty@abc.com'),(100387,'Sharika','Eanes','1982-12-01','407-3606-169','sharika.eanes@abc.com'),(100388,'Nu','Mcnease','1965-08-27','973-8035-900','nu@abc.com'),(100389,'Daniela','Comnick','1995-01-08','609-3020-857','dcomnick@abc.net'),(100390,'Cecilia','Colaizzo','1981-07-23','608-4312-454','cecilia_colaizzo@abc.com'),(100391,'Leslie','Threets','1966-01-08','914-6053-974','leslie@abc.net'),(100392,'Nan','Koppinger','1990-10-08','336-9254-533','nan@abc.com'),(100393,'Izetta','Dewar','1989-11-27','410-5098-170','idewar@abc.com'),(100394,'Tegan','Arceo','1973-04-18','732-6042-269','tegan.arceo@abc.org'),(100395,'Ruthann','Keener','1964-11-25','830-2011-276','ruthann@abc.com'),(100396,'Joni','Breland','1971-02-19','847-1974-590','joni_breland@abc.net'),(100397,'Vi','Rentfro','1979-11-19','732-8192-478','vrentfro@abc.net'),(100398,'Colette','Kardas','1999-06-08','402-7385-594','colette.kardas@abc.com'),(100399,'Malcolm','Tromblay','1994-12-11','703-2476-560','malcolm_tromblay@abc.net'),(100400,'Ryan','Harnos','1995-03-23','972-8715-166','ryan@abc.net'),(100401,'Jess','Chaffins','1966-11-28','212-5068-463','jess.chaffins@abc.org'),(100402,'Sharen','Bourbon','1979-01-11','516-9780-154','sbourbon@abc.com'),(100403,'Nickolas','Juvera','1964-12-24','352-3647-830','nickolas_juvera@abc.net'),(100404,'Gary','Nunlee','1972-07-24','317-4183-602','gary_nunlee@abc.org'),(100405,'Diane','Devreese','1964-10-04','816-4758-967','diane@abc.net'),(100406,'Roslyn','Chavous','1991-03-05','601-3134-963','roslyn.chavous@abc.org'),(100407,'Glory','Schieler','1969-06-25','325-6742-264','glory@abc.com'),(100408,'Rasheeda','Sayaphon','1979-10-13','408-4442-430','rasheeda@abc.com'),(100409,'Alpha','Palaia','1979-12-27','856-4607-262','alpha@abc.com'),(100410,'Refugia','Jacobos','1960-08-23','510-9993-867','refugia.jacobos@abc.com'),(100411,'Shawnda','Yori','1992-01-08','407-9734-510','shawnda.yori@abc.com'),(100412,'Mona','Delasancha','1998-06-06','307-7398-148','mdelasancha@abc.com'),(100413,'Gilma','Liukko','1965-12-01','516-2512-996','gilma_liukko@abc.com'),(100414,'Janey','Gabisi','1990-09-21','608-3597-719','jgabisi@abc.com'),(100415,'Lili','Paskin','1961-05-28','201-1042-298','lili.paskin@abc.net'),(100416,'Loren','Asar','1973-01-06','570-4257-303','loren.asar@abc.com'),(100417,'Dorothy','Chesterfield','1972-06-09','858-9925-783','dorothy@abc.net'),(100418,'Gail','Similton','1962-05-13','760-5832-538','gail_similton@abc.com'),(100419,'Catalina','Tillotson','1970-06-21','609-7454-333','catalina@abc.com'),(100420,'Lawrence','Lorens','1964-09-28','401-8689-643','lawrence.lorens@abc.com'),(100421,'Carlee','Boulter','1977-07-27','785-1044-180','carlee.boulter@abc.com'),(100422,'Thaddeus','Ankeny','1987-10-21','916-7850-357','tankeny@abc.org'),(100423,'Jovita','Oles','1991-05-16','386-2156-411','joles@abc.com'),(100424,'Alesia','Hixenbaugh','1975-11-18','202-6564-751','alesia_hixenbaugh@abc.org'),(100425,'Lai','Harabedian','1968-08-20','415-8585-329','lai@abc.com'),(100426,'Brittni','Gillaspie','1974-05-21','208-1127-123','bgillaspie@abc.com'),(100427,'Raylene','Kampa','1995-02-10','574-4322-145','rkampa@abc.org'),(100428,'Flo','Bookamer','1979-06-13','308-7449-218','flo.bookamer@abc.net'),(100429,'Jani','Biddy','1995-09-24','206-8860-649','jbiddy@abc.com'),(100430,'Chauncey','Motley','1970-04-25','407-7052-484','chauncey_motley@abc.com'),(100431,'Kris','Marrier','1964-11-25','410-655-8723','kris.marrier@abc.com'),(100432,'Minna','Amigon','1971-02-19','215-874-1229','minna.amigon@abc.com'),(100433,'Abel','Maclead','1979-11-19','631-335-3414','abel.maclead@abc.com'),(100434,'Kiley','Caldarera','1999-06-08','310-498-5651','kiley.caldarera@abc.com'),(100435,'Graciela','Ruta','1994-12-11','440-780-8425','graciela.ruta@abc.com'),(100436,'Cammy','Albares','1995-03-23','956-537-6195','cammy.albares@abc.com'),(100437,'Mattie','Poquette','1966-11-28','602-277-4385','mattie.poquette@abc.com'),(100438,'Meaghan','Garufi','1979-01-11','931-313-9635','meaghan.garufi@abc.com'),(100439,'Gladys','Rim','1964-12-24','414-661-9598','gladys.rim@abc.com'),(100440,'Yuki','Whobrey','1972-07-24','313-288-7937','yuki.whobrey@abc.com');
/*!40000 ALTER TABLE `tbl_customer` ENABLE KEYS */;
UNLOCK TABLES;

--
-- Table structure for table `tbl_house`
--

DROP TABLE IF EXISTS `tbl_house`;
/*!40101 SET @saved_cs_client     = @@character_set_client */;
/*!50503 SET character_set_client = utf8mb4 */;
CREATE TABLE `tbl_house` (
  `HOUSE_ID_HSE` int NOT NULL,
  `ADDRESS_HSE` varchar(150) NOT NULL,
  `CITY_HSE` varchar(50) NOT NULL,
  `COUNTRY_HSE` varchar(50) NOT NULL,
  `CUST_ID_HSE` int NOT NULL,
  PRIMARY KEY (`HOUSE_ID_HSE`,`CUST_ID_HSE`),
  KEY `FK__TBL_HOUSE__CUST___3B75D760` (`CUST_ID_HSE`),
  CONSTRAINT `FK__TBL_HOUSE__CUST___3B75D760` FOREIGN KEY (`CUST_ID_HSE`) REFERENCES `tbl_customer` (`CUST_ID_CUS`)
) ENGINE=InnoDB DEFAULT CHARSET=utf8mb4 COLLATE=utf8mb4_0900_ai_ci;
/*!40101 SET character_set_client = @saved_cs_client */;

--
-- Dumping data for table `tbl_house`
--

LOCK TABLES `tbl_house` WRITE;
/*!40000 ALTER TABLE `tbl_house` DISABLE KEYS */;
INSERT INTO `tbl_house` VALUES (200001,'1 Central Ave','Stevens Point','Portage',100001),(200002,'1 Century Park E','San Diego','San Diego',100002),(200003,'1 Commerce Way','Portland','Washington',100003),(200004,'1 Garfield Ave #7','Canton','Stark',100004),(200005,'1 Huntwood Ave','Phoenix','Maricopa',100005),(200006,'1 Midway Rd','Westborough','Worcester',100006),(200007,'1 N Harlem Ave #9','Orange','Essex',100007),(200008,'1 N San Saba','Erie','Erie',100008),(200009,'1 Rancho Del Mar Shopping C','Providence','Providence',100009),(200010,'1 S Pine St','Memphis','Shelby',100010),(200011,'1 State Route 27','Taylor','Wayne',100011),(200012,'1 Washington St','Lake Worth','Palm Beach',100012),(200013,'10276 Brooks St','San Francisco','San Francisco',100013),(200014,'1048 Main St','Fairbanks','Fairbanks North Star',100014),(200015,'105 Richmond Valley Rd','Escondido','San Diego',100015),(200016,'10759 Main St','Scottsdale','Maricopa',100016),(200017,'1088 Pinehurst St','Chapel Hill','Orange',100017),(200018,'11279 Loytan St','Jacksonville','Duval',100018),(200019,'1128 Delaware St','San Jose','Santa Clara',100019),(200020,'11360 S Halsted St','Santa Ana','Orange',100020),(200021,'12270 Caton Center Dr','Eugene','Lane',100021),(200022,'128 Bransten Rd','New York','New York',100022),(200023,'13 Gunnison St','Plano','Collin',100023),(200024,'13 S Hacienda Dr','Livingston','Essex',100024),(200025,'13252 Lighthouse Ave','Cathedral City','Riverside',100025),(200026,'134 Lewis Rd','Nashville','Davidson',100026),(200027,'137 Pioneer Way','Chicago','Cook',100027),(200028,'14288 Foster Ave #4121','Jenkintown','Montgomery',100028),(200029,'14302 Pennsylvania Ave','Huntingdon Valley','Montgomery',100029),(200030,'1482 College Ave','Fayetteville','Cumberland',100030),(200031,'1610 14th St Nw','Newport News','Newport News City',100031),(200032,'1644 Clove Rd','Miami','Miami-Dade',100032),(200033,'16452 Greenwich St','Garden City','Nassau',100033),(200034,'17 Jersey Ave','Englewood','Arapahoe',100034),(200035,'17 Morena Blvd','Camarillo','Ventura',100035),(200036,'17 Us Highway 111','Round Rock','Williamson',100036),(200037,'170 Wyoming Ave','Burnsville','Dakota',100037),(200038,'1747 Calle Amanecer #2','Anchorage','Anchorage',100038),(200039,'177 S Rider Trl #52','Crystal River','Citrus',100039),(200040,'18 3rd Ave','New York','New York',100040),(200041,'18 Coronado Ave #563','Pasadena','Los Angeles',100041),(200042,'18 Fountain St','Anchorage','Anchorage',100042),(200043,'18 Waterloo Geneva Rd','Highland Park','Lake',100043),(200044,'1844 Southern Blvd','Little Rock','Pulaski',100044),(200045,'185 Blackstone Bldge','Honolulu','Honolulu',100045),(200046,'187 Market St','Atlanta','Fulton',100046),(200047,'189 Village Park Rd','Crestview','Okaloosa',100047),(200048,'19 Amboy Ave','Miami','Miami-Dade',100048),(200049,'1933 Packer Ave #2','Novato','Marin',100049),(200050,'195 13n N','Santa Clara','Santa Clara',100050),(200051,'1950 5th Ave','Milwaukee','Milwaukee',100051),(200052,'1953 Telegraph Rd','Saint Joseph','Buchanan',100052),(200053,'2 A Kelley Dr','Katonah','Westchester',100053),(200054,'2 Cedar Ave #84','Easton','Talbot',100054),(200055,'2 Flynn Rd','Hicksville','Nassau',100055),(200056,'2 Lighthouse Ave','Hopkins','Hennepin',100056),(200057,'2 Monroe St','San Mateo','San Mateo',100057),(200058,'2 S 15th St','Fort Worth','Tarrant',100058),(200059,'2 S Biscayne Blvd','Baltimore','Baltimore City',100059),(200060,'2 Se 3rd Ave','Mesquite','Dallas',100060),(200061,'2 Sw Nyberg Rd','Elkhart','Elkhart',100061),(200062,'2 W Beverly Blvd','Harrisburg','Dauphin',100062),(200063,'2 W Grand Ave','Memphis','Shelby',100063),(200064,'2 W Mount Royal Ave','Fortville','Hancock',100064),(200065,'2 W Scyene Rd #3','Baltimore','Baltimore City',100065),(200066,'20 S Babcock St','Fairbanks','Fairbanks North Star',100066),(200067,'201 Hawk Ct','Providence','Providence',100067),(200068,'201 Ridgewood Rd','Moscow','Latah',100068),(200069,'20113 4th Ave E','Kearny','Hudson',100069),(200070,'2023 Greg St','Saint Paul','Ramsey',100070),(200071,'2026 N Plankinton Ave #3','Austin','Travis',100071),(200072,'206 Main St #2804','Lansing','Ingham',100072),(200073,'209 Decker Dr','Philadelphia','Philadelphia',100073),(200074,'20932 Hedley St','Concord','Contra Costa',100074),(200075,'2094 Montour Blvd','Muskegon','Muskegon',100075),(200076,'2094 Ne 36th Ave','Worcester','Worcester',100076),(200077,'2139 Santa Rosa Ave','Orlando','Orange',100077),(200078,'2140 Diamond Blvd','Rohnert Park','Sonoma',100078),(200079,'21575 S Apple Creek Rd','Omaha','Douglas',100079),(200080,'2167 Sierra Rd','East Lansing','Ingham',100080),(200081,'2184 Worth St','Hayward','Alameda',100081),(200082,'22 Bridle Ln','Valley Park','Saint Louis',100082),(200083,'22 Spruce St #595','Gardena','Los Angeles',100083),(200084,'2215 Prosperity Dr','Lyndhurst','Bergen',100084),(200085,'2239 Shawnee Mission Pky','Tullahoma','Coffee',100085),(200086,'228 Runamuck Pl #2808','Baltimore','Baltimore City',100086),(200087,'229 N Forty Driv','New York','New York',100087),(200088,'23 Palo Alto Sq','Miami','Miami-Dade',100088),(200089,'2371 Jerrold Ave','Kulpsville','Montgomery',100089),(200090,'2409 Alabama Rd','Riverside','Riverside',100090),(200091,'25 E 75th St #69','Los Angeles','Los Angeles',100091),(200092,'25 Minters Chapel Rd #9','Minneapolis','Hennepin',100092),(200093,'25 Se 176th Pl','Cambridge','Middlesex',100093),(200094,'2500 Pringle Rd Se #508','Hatfield','Montgomery',100094),(200095,'251 Park Ave #979','Saratoga','Santa Clara',100095),(200096,'25346 New Rd','New York','New York',100096),(200097,'25657 Live Oak St','Brooklyn','Kings',100097),(200098,'26 Montgomery St','Atlanta','Fulton',100098),(200099,'2664 Lewis Rd','Littleton','Douglas',100099),(200100,'26659 N 13th St','Costa Mesa','Orange',100100),(200101,'26849 Jefferson Hwy','Rolling Meadows','Cook',100101),(200102,'2726 Charcot Ave','Paterson','Passaic',100102),(200103,'2737 Pistorio Rd #9230','London','Madison',100103),(200104,'2742 Distribution Way','New York','New York',100104),(200105,'2759 Livingston Ave','Memphis','Shelby',100105),(200106,'278 Bayview Ave','Milan','Monroe',100106),(200107,'27846 Lafayette Ave','Oak Hill','Volusia',100107),(200108,'28 S 7th St #2824','Englewood','Bergen',100108),(200109,'2845 Boulder Crescent St','Cleveland','Cuyahoga',100109),(200110,'2853 S Central Expy','Glen Burnie','Anne Arundel',100110),(200111,'287 Youngstown Warren Rd','Hampstead','Carroll',100111),(200112,'2881 Lewis Rd','Prineville','Crook',100112),(200113,'2887 Knowlton St #5435','Berkeley','Alameda',100113),(200114,'29 Cherry St #7073','Des Moines','Polk',100114),(200115,'2972 Lafayette Ave','Gardena','Los Angeles',100115),(200116,'3 Aspen St','Worcester','Worcester',100116),(200117,'3 Elmwood Dr','Beaverton','Washington',100117),(200118,'3 Fort Worth Ave','Philadelphia','Philadelphia',100118),(200119,'3 Lawton St','New York','New York',100119),(200120,'3 Mcauley Dr','Ashland','Ashland',100120),(200121,'3 N Groesbeck Hwy','Toledo','Lucas',100121),(200122,'3 Railway Ave #75','Little Falls','Passaic',100122),(200123,'3 Secor Rd','New Orleans','Orleans',100123),(200124,'3 State Route 35 S','Paramus','Bergen',100124),(200125,'30 W 80th St #1995','San Carlos','San Mateo',100125),(200126,'303 N Radcliffe St','Hilo','Hawaii',100126),(200127,'30553 Washington Rd','Plainfield','Union',100127),(200128,'31 Douglas Blvd #950','Clovis','Curry',100128),(200129,'3125 Packer Ave #9851','Austin','Travis',100129),(200130,'3158 Runamuck Pl','Round Rock','Williamson',100130),(200131,'3196 S Rider Trl','Stockton','San Joaquin',100131),(200132,'3211 E Northeast Loop','Tampa','Hillsborough',100132),(200133,'322 New Horizon Blvd','Milwaukee','Milwaukee',100133),(200134,'326 E Main St #6496','Thousand Oaks','Ventura',100134),(200135,'3270 Dequindre Rd','Deer Park','Suffolk',100135),(200136,'3273 State St','Middlesex','Middlesex',100136),(200137,'32820 Corkwood Rd','Newark','Essex',100137),(200138,'32860 Sierra Rd','Miami','Miami-Dade',100138),(200139,'33 Lewis Rd #46','Burlington','Alamance',100139),(200140,'33 N Michigan Ave','Green Bay','Brown',100140),(200141,'33 State St','Abilene','Taylor',100141),(200142,'3305 Nabell Ave #679','New York','New York',100142),(200143,'3338 A Lockport Pl #6','Margate City','Atlantic',100143),(200144,'3381 E 40th Ave','Passaic','Passaic',100144),(200145,'3387 Ryan Dr','Hanover','Anne Arundel',100145),(200146,'34 Center St','Hamilton','Butler',100146),(200147,'34 Raritan Center Pky','Bellflower','Los Angeles',100147),(200148,'34 Saint George Ave #2','Bangor','Penobscot',100148),(200149,'3424 29th St Se','Kerrville','Kerr',100149),(200150,'347 Chestnut St','Peoria','Maricopa',100150),(200151,'35 E Main St #43','Elk Grove Village','Cook',100151),(200152,'35433 Blake St #588','Gardena','Los Angeles',100152),(200153,'36 Enterprise St Se','Richland','Benton',100153),(200154,'36 Lancaster Dr Se','Pearl','Rankin',100154),(200155,'366 South Dr','Las Cruces','Dona Ana',100155),(200156,'369 Latham St #500','Saint Louis','Saint Louis City',100156),(200157,'37 Alabama Ave','Evanston','Cook',100157),(200158,'37 N Elm St #916','Tacoma','Pierce',100158),(200159,'3717 Hamann Industrial Pky','San Francisco','San Francisco',100159),(200160,'3718 S Main St','New Orleans','Orleans',100160),(200161,'37275 St  Rt 17m M','Middle Island','Suffolk',100161),(200162,'3732 Sherman Ave','Bridgewater','Somerset',100162),(200163,'3777 E Richmond St #900','Akron','Summit',100163),(200164,'37855 Nolan Rd','Bangor','Penobscot',100164),(200165,'38 Pleasant Hill Rd','Hayward','Alameda',100165),(200166,'38062 E Main St','New York','New York',100166),(200167,'3829 Ventura Blvd','Butte','Silver Bow',100167),(200168,'383 Gunderman Rd #197','Coatesville','Chester',100168),(200169,'386 9th Ave N','Conroe','Montgomery',100169),(200170,'38773 Gravois Ave','Cheyenne','Laramie',100170),(200171,'3882 W Congress St #799','Los Angeles','Los Angeles',100171),(200172,'38938 Park Blvd','Boston','Suffolk',100172),(200173,'39 Franklin Ave','Richland','Benton',100173),(200174,'39 Moccasin Dr','San Francisco','San Francisco',100174),(200175,'39 S 7th St','Tullahoma','Coffee',100175),(200176,'393 Hammond Dr','Lafayette','Lafayette',100176),(200177,'393 Lafayette Ave','Richmond','Richmond City',100177),(200178,'394 Manchester Blvd','Rockford','Winnebago',100178),(200179,'3943 N Highland Ave','Lancaster','Lancaster',100179),(200180,'395 S 6th St #2','El Cajon','San Diego',100180),(200181,'3958 S Dupont Hwy #7','Ramsey','Bergen',100181),(200182,'3989 Portage Tr','Escondido','San Diego',100182),(200183,'4 10th St W','High Point','Guilford',100183),(200184,'4 58th St #3519','Scottsdale','Maricopa',100184),(200185,'4 B Blue Ridge Blvd','Brighton','Livingston',100185),(200186,'4 Bloomfield Ave','Irving','Dallas',100186),(200187,'4 Carroll St','North Attleboro','Bristol',100187),(200188,'4 Cowesett Ave','Kearny','Hudson',100188),(200189,'4 E Colonial Dr','La Mesa','San Diego',100189),(200190,'4 Iwaena St','Baltimore','Baltimore City',100190),(200191,'4 Kohler Memorial Dr','Brooklyn','Kings',100191),(200192,'4 Nw 12th St #3849','Madison','Dane',100192),(200193,'4 Otis St','Van Nuys','Los Angeles',100193),(200194,'4 Ralph Ct','Dunellen','Middlesex',100194),(200195,'4 S Washington Ave','San Bernardino','San Bernardino',100195),(200196,'4 Stovall St #72','Union City','Hudson',100196),(200197,'4 Warehouse Point Rd #7','Chicago','Cook',100197),(200198,'4 Webbs Chapel Rd','Boulder','Boulder',100198),(200199,'40 9th Ave Sw #91','Waterford','Oakland',100199),(200200,'40 Cambridge Ave','Madison','Dane',100200),(200201,'406 Main St','Somerville','Somerset',100201),(200202,'41 Steel Ct','Northfield','Rice',100202),(200203,'4119 Metropolitan Dr','Los Angeles','Los Angeles',100203),(200204,'422 E 21st St','Syracuse','Onondaga',100204),(200205,'4252 N Washington Ave #9','Kennedale','Tarrant',100205),(200206,'426 Wolf St','Metairie','Jefferson',100206),(200207,'42744 Hamann Industrial Pky #82','Miami','Miami-Dade',100207),(200208,'42754 S Ash Ave','Buffalo','Erie',100208),(200209,'4284 Dorigo Ln','Chicago','Cook',100209),(200210,'429 Tiger Ln','Beverly Hills','Los Angeles',100210),(200211,'43 Huey P Long Ave','Lafayette','Lafayette',100211),(200212,'433 Westminster Blvd #590','Roseville','Placer',100212),(200213,'43496 Commercial Dr #29','Cherry Hill','Camden',100213),(200214,'4379 Highway 116','Philadelphia','Philadelphia',100214),(200215,'44 58th St','Wheeling','Cook',100215),(200216,'44 W 4th St','Staten Island','Richmond',100216),(200217,'4441 Point Term Mkt','Philadelphia','Philadelphia',100217),(200218,'4486 W O St #1','New York','New York',100218),(200219,'45 2nd Ave #9759','Atlanta','Fulton',100219),(200220,'45 E Acacia Ct','Chicago','Cook',100220),(200221,'45 E Liberty St','Ridgefield Park','Bergen',100221),(200222,'4545 Courthouse Rd','Westbury','Nassau',100222),(200223,'455 N Main Ave','Garden City','Nassau',100223),(200224,'461 Prospect Pl #316','Euless','Tarrant',100224),(200225,'46314 Route 130','Bridgeport','Fairfield',100225),(200226,'4646 Kaahumanu St','Hackensack','Bergen',100226),(200227,'4671 Alemany Blvd','Jersey City','Hudson',100227),(200228,'469 Outwater Ln','San Diego','San Diego',100228),(200229,'47154 Whipple Ave Nw','Gardena','Los Angeles',100229),(200230,'47565 W Grand Ave','Newark','Essex',100230),(200231,'47857 Coney Island Ave','Clinton','Prince Georges',100231),(200232,'47939 Porter Ave','Gardena','Los Angeles',100232),(200233,'48 Lenox St','Fairfax','Fairfax City',100233),(200234,'48 Stratford Ave','Pomona','Los Angeles',100234),(200235,'4800 Black Horse Pike','Burlingame','San Mateo',100235),(200236,'481 W Lemon St','Middleboro','Plymouth',100236),(200237,'49 N Mays St','Broussard','Lafayette',100237),(200238,'4923 Carey Ave','Saint Louis','Saint Louis City',100238),(200239,'4940 Pulaski Park Dr','Portland','Multnomah',100239),(200240,'49440 Dearborn St','Norwalk','Fairfield',100240),(200241,'5 Boston Ave #88','Sioux Falls','Minnehaha',100241),(200242,'5 Cabot Rd','Mc Lean','Fairfax',100242),(200243,'5 E Truman Rd','Abilene','Taylor',100243),(200244,'5 Elmwood Park Blvd','Biloxi','Harrison',100244),(200245,'5 Green Pond Rd #4','Southampton','Bucks',100245),(200246,'5 Harrison Rd','New York','New York',100246),(200247,'5 Little River Tpke','Wilmington','Middlesex',100247),(200248,'5 N Cleveland Massillon Rd','Thousand Oaks','Ventura',100248),(200249,'5 S Colorado Blvd #449','Bothell','Snohomish',100249),(200250,'5 Tomahawk Dr','Los Angeles','Los Angeles',100250),(200251,'5 W 7th St','Parkville','Baltimore',100251),(200252,'5 Washington St #1','Roseville','Placer',100252),(200253,'5 Williams St','Johnston','Providence',100253),(200254,'50 E Wacker Dr','Bridgewater','Somerset',100254),(200255,'501 N 19th Ave','Cherry Hill','Camden',100255),(200256,'50126 N Plankinton Ave','Longwood','Seminole',100256),(200257,'506 S Hacienda Dr','Atlantic City','Atlantic',100257),(200258,'51120 State Route 18','Salt Lake City','Salt Lake',100258),(200259,'5161 Dorsett Rd','Homestead','Miami-Dade',100259),(200260,'5221 Bear Valley Rd','Nashville','Davidson',100260),(200261,'523 Marquette Ave','Concord','Middlesex',100261),(200262,'524 Louisiana Ave Nw','San Leandro','Alameda',100262),(200263,'52777 Leaders Heights Rd','Ontario','San Bernardino',100263),(200264,'53 W Carey St','Port Jervis','Orange',100264),(200265,'53075 Sw 152nd Ter #615','Monroe Township','Middlesex',100265),(200266,'5384 Southwyck Blvd','Douglasville','Douglas',100266),(200267,'539 Coldwater Canyon Ave','Bloomfield','Essex',100267),(200268,'54169 N Main St','Massapequa','Nassau',100268),(200269,'55 Hawthorne Blvd','Lafayette','Lafayette',100269),(200270,'55 Riverside Ave','Indianapolis','Marion',100270),(200271,'55262 N French Rd','Indianapolis','Marion',100271),(200272,'555 Main St','Erie','Erie',100272),(200273,'55713 Lake City Hwy','South Bend','St Joseph',100273),(200274,'55892 Jacksonville Rd','Owings Mills','Baltimore',100274),(200275,'56 E Morehead St','Laredo','Webb',100275),(200276,'560 Civic Center Dr','Ann Arbor','Washtenaw',100276),(200277,'57 Haven Ave #90','Southfield','Oakland',100277),(200278,'57254 Brickell Ave #372','Worcester','Worcester',100278),(200279,'577 Parade St','South San Francisco','San Mateo',100279),(200280,'59 N Groesbeck Hwy','Austin','Travis',100280),(200281,'59 Shady Ln #53','Milwaukee','Milwaukee',100281),(200282,'596 Santa Maria Ave #7913','Mesquite','Dallas',100282),(200283,'598 43rd St','Beverly Hills','Los Angeles',100283),(200284,'6 Gilson St','Bronx','Bronx',100284),(200285,'6 Greenleaf Ave','San Jose','Santa Clara',100285),(200286,'6 Harry L Dr #6327','Perrysburg','Wood',100286),(200287,'6 Kains Ave','Baltimore','Baltimore City',100287),(200288,'6 Middlegate Rd #106','San Francisco','San Francisco',100288),(200289,'6 Ridgewood Center Dr','Old Forge','Lackawanna',100289),(200290,'6 S 33rd St','Aston','Delaware',100290),(200291,'6 S Broadway St','Cedar Grove','Essex',100291),(200292,'6 Sunrise Ave','Utica','Oneida',100292),(200293,'6 Van Buren St','Mount Vernon','Westchester',100293),(200294,'60 Fillmore Ave','Huntington Beach','Orange',100294),(200295,'60 Old Dover Rd','Hialeah','Miami-Dade',100295),(200296,'60480 Old Us Highway 51','Preston','Caroline',100296),(200297,'61 13 Stoneridge #835','Findlay','Hancock',100297),(200298,'61047 Mayfield Ave','Brooklyn','Kings',100298),(200299,'61304 N French Rd','Somerset','Somerset',100299),(200300,'61556 W 20th Ave','Seattle','King',100300),(200301,'617 Nw 36th Ave','Brook Park','Cuyahoga',100301),(200302,'618 W Yakima Ave','Irving','Dallas',100302),(200303,'62 Monroe St','Thousand Palms','Riverside',100303),(200304,'62 W Austin St','Syosset','Nassau',100304),(200305,'6201 S Nevada Ave','Toms River','Ocean',100305),(200306,'62260 Park Stre','Monroe Township','Middlesex',100306),(200307,'627 Walford Ave','Dallas','Dallas',100307),(200308,'63 E Aurora Dr','Orlando','Orange',100308),(200309,'63 Smith Ln #8343','Moss','Clay',100309),(200310,'63381 Jenks Ave','Philadelphia','Philadelphia',100310),(200311,'63517 Dupont St','Jackson','Hinds',100311),(200312,'636 Commerce Dr #42','Shakopee','Scott',100312),(200313,'63728 Poway Rd #1','Scranton','Lackawanna',100313),(200314,'639 Main St','Anchorage','Anchorage',100314),(200315,'64 5th Ave #1153','Mc Lean','Fairfax',100315),(200316,'64 Lakeview Ave','Beloit','Rock',100316),(200317,'64 Newman Springs Rd E','Brooklyn','Kings',100317),(200318,'649 Tulane Ave','Tulsa','Tulsa',100318),(200319,'65 Mountain View Dr','Whippany','Morris',100319),(200320,'65 W Maple Ave','Pearl City','Honolulu',100320),(200321,'6535 Joyce St','Wichita Falls','Wichita',100321),(200322,'6538 E Pomona St #60','Indianapolis','Marion',100322),(200323,'65895 S 16th St','Providence','Providence',100323),(200324,'6649 N Blue Gum St','New Orleans','Orleans',100324),(200325,'6651 Municipal Rd','Houma','Terrebonne',100325),(200326,'66552 Malone Rd','Plaistow','Rockingham',100326),(200327,'66697 Park Pl #3224','Riverton','Fremont',100327),(200328,'669 Packerland Dr #1438','Denver','Denver',100328),(200329,'67 E Chestnut Hill Rd','Seattle','King',100329),(200330,'67 Rv Cent','Boise','Ada',100330),(200331,'678 3rd Ave','Miami','Miami-Dade',100331),(200332,'6794 Lake Dr E','Newark','Essex',100332),(200333,'68556 Central Hwy','San Leandro','Alameda',100333),(200334,'6882 Torresdale Ave','Columbia','Richland',100334),(200335,'69 Marquette Ave','Hayward','Alameda',100335),(200336,'6916 W Main St','Sacramento','Sacramento',100336),(200337,'69734 E Carrillo St','Mc Minnville','Warren',100337),(200338,'6980 Dorsett Rd','Abilene','Dickinson',100338),(200339,'7 Benton Dr','Honolulu','Honolulu',100339),(200340,'7 Eads St','Chicago','Cook',100340),(200341,'7 Flowers Rd #403','Trenton','Mercer',100341),(200342,'7 S Beverly Dr','Fort Wayne','Allen',100342),(200343,'7 S San Marcos Rd','New York','New York',100343),(200344,'7 Tarrytown Rd','Cincinnati','Hamilton',100344),(200345,'7 W 32nd St','Erie','Erie',100345),(200346,'7 W Jackson Blvd','San Jose','Santa Clara',100346),(200347,'7 W Pinhook Rd','Lynbrook','Nassau',100347),(200348,'7 W Wabansia Ave #227','Orlando','Orange',100348),(200349,'7 West Ave #1','Palatine','Cook',100349),(200350,'70 Euclid Ave #722','Bohemia','Suffolk',100350),(200351,'70 Mechanic St','Northridge','Los Angeles',100351),(200352,'70 W Main St','Beachwood','Cuyahoga',100352),(200353,'70099 E North Ave','Arlington','Tarrant',100353),(200354,'701 S Harrison Rd','San Francisco','San Francisco',100354),(200355,'70295 Pioneer Ct','Brandon','Hillsborough',100355),(200356,'703 Beville Rd','Opa Locka','Miami-Dade',100356),(200357,'7061 N 2nd St','Burnsville','Dakota',100357),(200358,'71 San Mateo Ave','Wayne','Delaware',100358),(200359,'7116 Western Ave','Dearborn','Wayne',100359),(200360,'7140 University Ave','Rock Springs','Sweetwater',100360),(200361,'7163 W Clark Rd','Freehold','Monmouth',100361),(200362,'72 Beechwood Ter','Chicago','Cook',100362),(200363,'72 Mannix Dr','Cincinnati','Hamilton',100363),(200364,'72 Southern Blvd','Mesa','Maricopa',100364),(200365,'721 Interstate 45 S','Colorado Springs','El Paso',100365),(200366,'72119 S Walker Ave #63','Anaheim','Orange',100366),(200367,'7219 Woodfield Rd','Overland Park','Johnson',100367),(200368,'72868 Blackington Ave','Oakland','Alameda',100368),(200369,'73 Saint Ann St #86','Reno','Washoe',100369),(200370,'73 Southern Blvd','Philadelphia','Philadelphia',100370),(200371,'73 State Road 434 E','Phoenix','Maricopa',100371),(200372,'73 W Barstow Ave','Arlington Heights','Cook',100372),(200373,'735 Crawford Dr','Anchorage','Anchorage',100373),(200374,'74 S Westgate St','Albany','Albany',100374),(200375,'74 W College St','Boise','Ada',100375),(200376,'7422 Martin Ave #8','Toledo','Lucas',100376),(200377,'747 Leonis Blvd','Annandale','Fairfax',100377),(200378,'74874 Atlantic Ave','Columbus','Franklin',100378),(200379,'749 W 18th St #45','Smithfield','Johnston',100379),(200380,'74989 Brandon St','Wellsville','Allegany',100380),(200381,'755 Harbor Way','Milwaukee','Milwaukee',100381),(200382,'7563 Cornwall Rd #4462','Denver','Lancaster',100382),(200383,'75684 S Withlapopka Dr #32','Dallas','Dallas',100383),(200384,'75698 N Fiesta Blvd','Orlando','Orange',100384),(200385,'759 Eldora St','New Haven','New Haven',100385),(200386,'76 Brooks St #9','Flemington','Hunterdon',100386),(200387,'762 S Main St','Madison','Dane',100387),(200388,'76598 Rd  I 95 #1','Denver','Denver',100388),(200389,'7667 S Hulen St #42','Yonkers','Westchester',100389),(200390,'77 222 Dr','Oroville','Butte',100390),(200391,'77 Massillon Rd #822','Satellite Beach','Brevard',100391),(200392,'77132 Coon Rapids Blvd Nw','Conroe','Montgomery',100392),(200393,'772 W River Dr','Bloomington','Monroe',100393),(200394,'775 W 17th St','San Antonio','Bexar',100394),(200395,'78 Maryland Dr #146','Denville','Morris',100395),(200396,'78112 Morris Ave','North Haven','New Haven',100396),(200397,'79 S Howell Ave','Grand Rapids','Kent',100397),(200398,'798 Lund Farm Way','Rockaway','Morris',100398),(200399,'8 County Center Dr #647','Boston','Suffolk',100399),(200400,'8 Fair Lawn Ave','Tampa','Hillsborough',100400),(200401,'8 Industry Ln','New York','New York',100401),(200402,'8 Mcarthur Ln','Richboro','Bucks',100402),(200403,'8 S Haven St','Daytona Beach','Volusia',100403),(200404,'8 Sheridan Rd','Jersey City','Hudson',100404),(200405,'8 Us Highway 22','Colorado Springs','El Paso',100405),(200406,'8 W Cerritos Ave #54','Bridgeport','Gloucester',100406),(200407,'80 Pittsford Victor Rd #9','Cleveland','Cuyahoga',100407),(200408,'80312 W 32nd St','Conroe','Montgomery',100408),(200409,'81 Norris Ave #525','Ronkonkoma','Suffolk',100409),(200410,'810 N La Brea Ave','King of Prussia','Montgomery',100410),(200411,'8100 Jacksonville Rd #7','Hays','Ellis',100411),(200412,'8116 Mount Vernon Ave','Bucyrus','Crawford',100412),(200413,'812 S Haven St','Amarillo','Randall',100413),(200414,'8139 I Hwy 10 #92','New Bedford','Bristol',100414),(200415,'82 N Highway 67','Oakley','Contra Costa',100415),(200416,'82 Us Highway 46','Clifton','Passaic',100416),(200417,'82 Winsor St #54','Atlanta','Dekalb',100417),(200418,'8284 Hart St','Abilene','Dickinson',100418),(200419,'83 County Road 437 #8581','Clarks Summit','Lackawanna',100419),(200420,'83649 W Belmont Ave','San Gabriel','Los Angeles',100420),(200421,'84 Bloomfield Ave','Spartanburg','Spartanburg',100421),(200422,'840 15th Ave','Waco','McLennan',100422),(200423,'8429 Miller Rd','Pelham','Westchester',100423),(200424,'85092 Southern Blvd','San Antonio','Bexar',100424),(200425,'8573 Lincoln Blvd','York','York',100425),(200426,'8590 Lake Lizzie Dr','Bowling Green','Wood',100426),(200427,'8597 W National Ave','Cocoa','Brevard',100427),(200428,'86 Nw 66th St #8673','Shawnee','Johnson',100428),(200429,'86350 Roszel Rd','Phoenix','Maricopa',100429),(200430,'866 34th Ave','Denver','Denver',100430),(200431,'868 State St #38','Cincinnati','Hamilton',100313),(200432,'87 Imperial Ct #79','Fargo','Cass',100178),(200433,'87 Sierra Rd','El Monte','Los Angeles',100421),(200434,'87163 N Main Ave','New York','New York',100040),(200435,'8728 S Broad St','Coram','Suffolk',100211),(200436,'8739 Hudson St','Vashon','King',100081),(200437,'87393 E Highland Rd','Indianapolis','Marion',100037),(200438,'8772 Old County Rd #5410','Kent','King',100023),(200439,'87895 Concord Rd','La Mesa','San Diego',100083),(200440,'88 15th Ave Ne','Vestal','Broome',100247),(200441,'88 Sw 28th Ter','Harrison','Hudson',100420),(200442,'88827 Frankford Ave','Greensboro','Guilford',100269),(200443,'89 20th St E #779','Sterling Heights','Macomb',100005),(200444,'8927 Vandever Ave','Waco','McLennan',100031),(200445,'8977 Connecticut Ave Nw #3','Niles','Berrien',100088),(200446,'89992 E 15th St','Alliance','Box Butte',100075),(200447,'9 Church St','Salem','Marion',100321),(200448,'9 Front St','Washington','District of Columbia',100097),(200449,'9 Hwy','Providence','Providence',100139),(200450,'9 Murfreesboro Rd','Chicago','Cook',100070),(200451,'9 N 14th St','El Cajon','San Diego',100146),(200452,'9 N College Ave #3','Milwaukee','Milwaukee',100324),(200453,'9 Norristown Rd','Troy','Rensselaer',100385),(200454,'9 Plainsboro Rd #598','Greensboro','Guilford',100041),(200455,'9 State Highway 57 #22','Jersey City','Hudson',100081),(200456,'9 Tower Ave','Burlington','Boone',100372),(200457,'9 Vanowen St','College Station','Brazos',100218),(200458,'9 W Central Ave','Phoenix','Maricopa',100079),(200459,'9 Wales Rd Ne #914','Homosassa','Citrus',100343),(200460,'9 Waydell St','Fairfield','Essex',100231),(200461,'90131 J St','Pittstown','Hunterdon',100166),(200462,'90177 N 55th Ave','Nashville','Davidson',100029),(200463,'90991 Thorburn Ave','New York','New York',100059),(200464,'910 Rahway Ave','Philadelphia','Philadelphia',100066),(200465,'9122 Carpenter Ave','New Haven','New Haven',100189),(200466,'919 Wall Blvd','Meridian','Lauderdale',100066),(200467,'92 Broadway','Astoria','Queens',100402),(200468,'92 Main St','Atlantic City','Atlantic',100423),(200469,'92899 Kalakaua Ave','El Paso','El Paso',100274),(200470,'93 Redmond Rd #492','Orlando','Orange',100142),(200471,'9387 Charcot Ave','Absecon','Atlantic',100008),(200472,'9390 S Howell Ave','Albany','Dougherty',100288),(200473,'94 Chase Rd','Hyattsville','Prince Georges',100287),(200474,'94 W Dodge Rd','Carson City','Carson City',100127),(200475,'94290 S Buchanan St','Pacifica','San Mateo',100029),(200476,'944 Gaither Dr','Strongsville','Cuyahoga',100104),(200477,'95 Main Ave #2','Barberton','Summit',100081),(200478,'9506 Edgemore Ave','Bladensburg','Prince Georges',100065),(200479,'9581 E Arapahoe Rd','Rochester','Oakland',100316),(200480,'96263 Greenwood Pl','Warren','Knox',100267),(200481,'9635 S Main St','Boise','Ada',100096),(200482,'9648 S Main','Salisbury','Wicomico',100316),(200483,'96541 W Central Blvd','Phoenix','Maricopa',100184),(200484,'9677 Commerce Dr','Richmond','Richmond City',100197),(200485,'96950 Hidden Ln','Aberdeen','Harford',100195),(200486,'97 Airport Loop Dr','Jacksonville','Duval',100178),(200487,'97 E 3rd St #9','Long Island City','Queens',100169),(200488,'9745 W Main St','Randolph','Morris',100038),(200489,'98 Connecticut Ave Nw','Chagrin Falls','Geauga',100373),(200490,'98 University Dr','San Ramon','Contra Costa',100192),(200491,'985 E 6th Ave','Santa Rosa','Sonoma',100005),(200492,'987 Main St','Raleigh','Wake',100252),(200493,'98839 Hawthorne Blvd #6101','Columbia','Richland',100253),(200494,'99 5th Ave #33','Trion','Chattooga',100165),(200495,'99 Tank Farm Rd','Hazleton','Luzerne',100127),(200496,'992 Civic Center Dr','Philadelphia','Philadelphia',100224),(200497,'993 Washington Ave','Nutley','Essex',100067),(200498,'99385 Charity St #840','San Jose','Santa Clara',100052),(200499,'9939 N 14th St','Riverton','Burlington',100408),(200500,'99586 Main St','Dallas','Dallas',100370);
/*!40000 ALTER TABLE `tbl_house` ENABLE KEYS */;
UNLOCK TABLES;

--
-- Table structure for table `tbl_order_item`
--

DROP TABLE IF EXISTS `tbl_order_item`;
/*!40101 SET @saved_cs_client     = @@character_set_client */;
/*!50503 SET character_set_client = utf8mb4 */;
CREATE TABLE `tbl_order_item` (
  `ORD_ID_ITM` int NOT NULL,
  `CHANNEL_ITM` varchar(20) NOT NULL,
  `GENRE_ITM` varchar(10) NOT NULL,
  `PRICE_ITM` int NOT NULL,
  KEY `FK__TBL_ORDER__ORD_I__44FF419A` (`ORD_ID_ITM`),
  CONSTRAINT `FK__TBL_ORDER__ORD_I__44FF419A` FOREIGN KEY (`ORD_ID_ITM`) REFERENCES `tbl_work_order` (`ORD_ID_WO`)
) ENGINE=InnoDB DEFAULT CHARSET=utf8mb4 COLLATE=utf8mb4_0900_ai_ci;
/*!40101 SET character_set_client = @saved_cs_client */;

--
-- Dumping data for table `tbl_order_item`
--

LOCK TABLES `tbl_order_item` WRITE;
/*!40000 ALTER TABLE `tbl_order_item` DISABLE KEYS */;
INSERT INTO `tbl_order_item` VALUES (3000001,'CNBC','NEWS',15),(3000001,'HBO','MOVIE',20),(3000001,'SPORTS HD','SPORTS',17),(3000002,'CNBC','NEWS',15),(3000002,'MTV LIVE','MUSIC',12),(3000002,'CINEMAX','MOVIE',18),(3000002,'HBO','MOVIE',20),(3000003,'CNBC','NEWS',15),(3000003,'SPORTS HD','SPORTS',17),(3000004,'CNBC','NEWS',15),(3000004,'MTV LIVE','MUSIC',12),(3000004,'HBO','MOVIE',20),(3000005,'CNBC','NEWS',15),(3000005,'CINEMAX','MOVIE',18),(3000005,'HBO','MOVIE',20),(3000005,'SPORTS HD','SPORTS',17),(3000006,'SPORTS HD','SPORTS',17),(3000007,'MTV LIVE','MUSIC',12),(3000007,'HBO','MOVIE',20),(3000008,'CNBC','NEWS',15),(3000008,'MTV LIVE','MUSIC',12),(3000008,'SPORTS HD','SPORTS',17),(3000009,'CINEMAX','MOVIE',18),(3000010,'MTV LIVE','MUSIC',12),(3000010,'HBO','MOVIE',20),(3000010,'SPORTS HD','SPORTS',17),(3000011,'HBO','MOVIE',20),(3000012,'CNBC','NEWS',15),(3000012,'CINEMAX','MOVIE',18),(3000012,'HBO','MOVIE',20),(3000013,'CNBC','NEWS',15),(3000015,'MTV LIVE','MUSIC',12),(3000015,'HBO','MOVIE',20),(3000015,'SPORTS HD','SPORTS',17),(3000016,'CNBC','NEWS',15),(3000016,'HBO','MOVIE',20),(3000016,'SPORTS HD','SPORTS',17),(3000017,'CNBC','NEWS',15),(3000017,'SPORTS HD','SPORTS',17),(3000018,'CINEMAX','MOVIE',18),(3000018,'HBO','MOVIE',20),(3000019,'CINEMAX','MOVIE',18),(3000019,'HBO','MOVIE',20),(3000020,'CNBC','NEWS',15),(3000020,'MTV LIVE','MUSIC',12),(3000020,'HBO','MOVIE',20),(3000021,'MTV LIVE','MUSIC',12),(3000021,'SPORTS HD','SPORTS',17),(3000022,'MTV LIVE','MUSIC',12),(3000022,'CINEMAX','MOVIE',18),(3000022,'HBO','MOVIE',20),(3000022,'SPORTS HD','SPORTS',17),(3000023,'CNBC','NEWS',15),(3000023,'HBO','MOVIE',20),(3000024,'CNBC','NEWS',15),(3000024,'CINEMAX','MOVIE',18),(3000024,'HBO','MOVIE',20),(3000024,'SPORTS HD','SPORTS',17),(3000026,'CNBC','NEWS',15),(3000026,'SPORTS HD','SPORTS',17),(3000027,'CNBC','NEWS',15),(3000028,'MTV LIVE','MUSIC',12),(3000028,'HBO','MOVIE',20),(3000029,'MTV LIVE','MUSIC',12),(3000029,'SPORTS HD','SPORTS',17),(3000030,'CNBC','NEWS',15),(3000030,'SPORTS HD','SPORTS',17),(3000031,'MTV LIVE','MUSIC',12),(3000031,'SPORTS HD','SPORTS',17),(3000032,'MTV LIVE','MUSIC',12),(3000032,'SPORTS HD','SPORTS',17),(3000033,'CNBC','NEWS',15),(3000033,'CINEMAX','MOVIE',18),(3000033,'SPORTS HD','SPORTS',17),(3000034,'CNBC','NEWS',15),(3000034,'MTV LIVE','MUSIC',12),(3000034,'CINEMAX','MOVIE',18),(3000034,'SPORTS HD','SPORTS',17),(3000035,'CNBC','NEWS',15),(3000035,'MTV LIVE','MUSIC',12),(3000035,'CINEMAX','MOVIE',18),(3000036,'MTV LIVE','MUSIC',12),(3000036,'CINEMAX','MOVIE',18),(3000036,'SPORTS HD','SPORTS',17),(3000037,'CNBC','NEWS',15),(3000037,'MTV LIVE','MUSIC',12),(3000038,'CNBC','NEWS',15),(3000038,'MTV LIVE','MUSIC',12),(3000038,'HBO','MOVIE',20),(3000039,'SPORTS HD','SPORTS',17),(3000041,'CNBC','NEWS',15),(3000041,'MTV LIVE','MUSIC',12),(3000041,'CINEMAX','MOVIE',18),(3000041,'HBO','MOVIE',20),(3000042,'CNBC','NEWS',15),(3000042,'HBO','MOVIE',20),(3000042,'SPORTS HD','SPORTS',17),(3000043,'CINEMAX','MOVIE',18),(3000043,'HBO','MOVIE',20),(3000044,'MTV LIVE','MUSIC',12),(3000044,'SPORTS HD','SPORTS',17),(3000045,'CNBC','NEWS',15),(3000045,'CINEMAX','MOVIE',18),(3000046,'CNBC','NEWS',15),(3000046,'CINEMAX','MOVIE',18),(3000047,'HBO','MOVIE',20),(3000049,'MTV LIVE','MUSIC',12),(3000049,'CINEMAX','MOVIE',18),(3000049,'HBO','MOVIE',20),(3000049,'SPORTS HD','SPORTS',17),(3000050,'CNBC','NEWS',15),(3000050,'CINEMAX','MOVIE',18),(3000050,'HBO','MOVIE',20),(3000051,'CNBC','NEWS',15),(3000051,'CINEMAX','MOVIE',18),(3000052,'HBO','MOVIE',20),(3000052,'SPORTS HD','SPORTS',17),(3000053,'CNBC','NEWS',15),(3000053,'CINEMAX','MOVIE',18),(3000054,'MTV LIVE','MUSIC',12),(3000055,'MTV LIVE','MUSIC',12),(3000055,'CINEMAX','MOVIE',18),(3000056,'MTV LIVE','MUSIC',12),(3000056,'HBO','MOVIE',20),(3000057,'CNBC','NEWS',15),(3000057,'SPORTS HD','SPORTS',17),(3000058,'CNBC','NEWS',15),(3000058,'CINEMAX','MOVIE',18),(3000059,'CINEMAX','MOVIE',18),(3000059,'SPORTS HD','SPORTS',17),(3000060,'SPORTS HD','SPORTS',17),(3000061,'MTV LIVE','MUSIC',12),(3000061,'HBO','MOVIE',20),(3000062,'CINEMAX','MOVIE',18),(3000062,'HBO','MOVIE',20),(3000062,'SPORTS HD','SPORTS',17),(3000063,'CNBC','NEWS',15),(3000063,'MTV LIVE','MUSIC',12),(3000063,'CINEMAX','MOVIE',18),(3000064,'MTV LIVE','MUSIC',12),(3000064,'CINEMAX','MOVIE',18),(3000064,'SPORTS HD','SPORTS',17),(3000065,'MTV LIVE','MUSIC',12),(3000065,'SPORTS HD','SPORTS',17),(3000066,'HBO','MOVIE',20),(3000067,'CNBC','NEWS',15),(3000067,'CINEMAX','MOVIE',18),(3000068,'MTV LIVE','MUSIC',12),(3000068,'SPORTS HD','SPORTS',17),(3000069,'CNBC','NEWS',15),(3000069,'HBO','MOVIE',20),(3000069,'SPORTS HD','SPORTS',17),(3000070,'CNBC','NEWS',15),(3000070,'MTV LIVE','MUSIC',12),(3000070,'HBO','MOVIE',20),(3000071,'CNBC','NEWS',15),(3000071,'SPORTS HD','SPORTS',17),(3000072,'CNBC','NEWS',15),(3000072,'MTV LIVE','MUSIC',12),(3000072,'HBO','MOVIE',20),(3000072,'SPORTS HD','SPORTS',17),(3000073,'CINEMAX','MOVIE',18),(3000073,'HBO','MOVIE',20),(3000074,'CINEMAX','MOVIE',18),(3000074,'HBO','MOVIE',20),(3000075,'CINEMAX','MOVIE',18),(3000075,'HBO','MOVIE',20),(3000075,'SPORTS HD','SPORTS',17),(3000076,'MTV LIVE','MUSIC',12),(3000076,'CINEMAX','MOVIE',18),(3000076,'SPORTS HD','SPORTS',17),(3000077,'SPORTS HD','SPORTS',17),(3000078,'MTV LIVE','MUSIC',12),(3000078,'CINEMAX','MOVIE',18),(3000078,'HBO','MOVIE',20),(3000078,'SPORTS HD','SPORTS',17),(3000080,'CNBC','NEWS',15),(3000080,'MTV LIVE','MUSIC',12),(3000080,'HBO','MOVIE',20),(3000081,'MTV LIVE','MUSIC',12),(3000081,'HBO','MOVIE',20),(3000081,'SPORTS HD','SPORTS',17),(3000082,'SPORTS HD','SPORTS',17),(3000083,'MTV LIVE','MUSIC',12),(3000083,'CINEMAX','MOVIE',18),(3000083,'HBO','MOVIE',20),(3000084,'CINEMAX','MOVIE',18),(3000085,'MTV LIVE','MUSIC',12),(3000086,'CNBC','NEWS',15),(3000086,'MTV LIVE','MUSIC',12),(3000086,'CINEMAX','MOVIE',18),(3000086,'HBO','MOVIE',20),(3000086,'SPORTS HD','SPORTS',17),(3000087,'CNBC','NEWS',15),(3000087,'MTV LIVE','MUSIC',12),(3000088,'HBO','MOVIE',20),(3000089,'HBO','MOVIE',20),(3000089,'SPORTS HD','SPORTS',17),(3000090,'CNBC','NEWS',15),(3000090,'CINEMAX','MOVIE',18),(3000091,'CINEMAX','MOVIE',18),(3000091,'HBO','MOVIE',20),(3000093,'MTV LIVE','MUSIC',12),(3000093,'SPORTS HD','SPORTS',17),(3000094,'CINEMAX','MOVIE',18),(3000095,'MTV LIVE','MUSIC',12),(3000095,'CINEMAX','MOVIE',18),(3000095,'HBO','MOVIE',20),(3000096,'MTV LIVE','MUSIC',12),(3000096,'CINEMAX','MOVIE',18),(3000096,'HBO','MOVIE',20),(3000097,'HBO','MOVIE',20),(3000097,'SPORTS HD','SPORTS',17),(3000098,'MTV LIVE','MUSIC',12),(3000099,'CNBC','NEWS',15),(3000099,'HBO','MOVIE',20),(3000099,'SPORTS HD','SPORTS',17),(3000101,'CNBC','NEWS',15),(3000101,'CINEMAX','MOVIE',18),(3000103,'CNBC','NEWS',15),(3000103,'MTV LIVE','MUSIC',12),(3000103,'HBO','MOVIE',20),(3000104,'MTV LIVE','MUSIC',12),(3000104,'CINEMAX','MOVIE',18),(3000105,'MTV LIVE','MUSIC',12),(3000105,'HBO','MOVIE',20),(3000106,'HBO','MOVIE',20),(3000106,'SPORTS HD','SPORTS',17),(3000107,'CNBC','NEWS',15),(3000107,'MTV LIVE','MUSIC',12),(3000108,'MTV LIVE','MUSIC',12),(3000108,'CINEMAX','MOVIE',18),(3000109,'MTV LIVE','MUSIC',12),(3000109,'HBO','MOVIE',20),(3000110,'CNBC','NEWS',15),(3000110,'HBO','MOVIE',20),(3000111,'MTV LIVE','MUSIC',12),(3000111,'HBO','MOVIE',20),(3000112,'SPORTS HD','SPORTS',17),(3000113,'CINEMAX','MOVIE',18),(3000113,'SPORTS HD','SPORTS',17),(3000114,'CINEMAX','MOVIE',18),(3000114,'HBO','MOVIE',20),(3000114,'SPORTS HD','SPORTS',17),(3000115,'MTV LIVE','MUSIC',12),(3000115,'CINEMAX','MOVIE',18),(3000116,'MTV LIVE','MUSIC',12),(3000117,'CNBC','NEWS',15),(3000117,'MTV LIVE','MUSIC',12),(3000118,'MTV LIVE','MUSIC',12),(3000118,'CINEMAX','MOVIE',18),(3000118,'HBO','MOVIE',20),(3000119,'CNBC','NEWS',15),(3000119,'MTV LIVE','MUSIC',12),(3000119,'CINEMAX','MOVIE',18),(3000120,'CNBC','NEWS',15),(3000120,'MTV LIVE','MUSIC',12),(3000120,'CINEMAX','MOVIE',18),(3000121,'CNBC','NEWS',15),(3000121,'MTV LIVE','MUSIC',12),(3000121,'HBO','MOVIE',20),(3000122,'HBO','MOVIE',20),(3000123,'MTV LIVE','MUSIC',12),(3000123,'SPORTS HD','SPORTS',17),(3000124,'CNBC','NEWS',15),(3000124,'MTV LIVE','MUSIC',12),(3000124,'CINEMAX','MOVIE',18),(3000125,'MTV LIVE','MUSIC',12),(3000125,'CINEMAX','MOVIE',18),(3000125,'HBO','MOVIE',20),(3000126,'CINEMAX','MOVIE',18),(3000126,'SPORTS HD','SPORTS',17),(3000127,'CINEMAX','MOVIE',18),(3000127,'HBO','MOVIE',20),(3000127,'SPORTS HD','SPORTS',17),(3000128,'HBO','MOVIE',20),(3000129,'CNBC','NEWS',15),(3000129,'MTV LIVE','MUSIC',12),(3000130,'MTV LIVE','MUSIC',12),(3000130,'CINEMAX','MOVIE',18),(3000130,'HBO','MOVIE',20),(3000130,'SPORTS HD','SPORTS',17),(3000131,'MTV LIVE','MUSIC',12),(3000131,'HBO','MOVIE',20),(3000131,'SPORTS HD','SPORTS',17),(3000132,'CNBC','NEWS',15),(3000132,'HBO','MOVIE',20),(3000133,'CNBC','NEWS',15),(3000133,'MTV LIVE','MUSIC',12),(3000133,'HBO','MOVIE',20),(3000133,'SPORTS HD','SPORTS',17),(3000135,'CINEMAX','MOVIE',18),(3000136,'CNBC','NEWS',15),(3000136,'MTV LIVE','MUSIC',12),(3000136,'SPORTS HD','SPORTS',17),(3000137,'CNBC','NEWS',15),(3000137,'SPORTS HD','SPORTS',17),(3000138,'CINEMAX','MOVIE',18),(3000139,'CINEMAX','MOVIE',18),(3000139,'HBO','MOVIE',20),(3000141,'SPORTS HD','SPORTS',17),(3000143,'MTV LIVE','MUSIC',12),(3000143,'SPORTS HD','SPORTS',17),(3000144,'HBO','MOVIE',20),(3000144,'SPORTS HD','SPORTS',17),(3000145,'CNBC','NEWS',15),(3000145,'HBO','MOVIE',20),(3000146,'MTV LIVE','MUSIC',12),(3000146,'SPORTS HD','SPORTS',17),(3000147,'CNBC','NEWS',15),(3000147,'SPORTS HD','SPORTS',17),(3000148,'CINEMAX','MOVIE',18),(3000148,'HBO','MOVIE',20),(3000148,'SPORTS HD','SPORTS',17),(3000149,'CINEMAX','MOVIE',18),(3000149,'HBO','MOVIE',20),(3000150,'MTV LIVE','MUSIC',12),(3000150,'HBO','MOVIE',20),(3000150,'SPORTS HD','SPORTS',17),(3000151,'MTV LIVE','MUSIC',12),(3000152,'CNBC','NEWS',15),(3000152,'CINEMAX','MOVIE',18),(3000152,'SPORTS HD','SPORTS',17),(3000153,'CNBC','NEWS',15),(3000153,'MTV LIVE','MUSIC',12),(3000153,'CINEMAX','MOVIE',18),(3000153,'HBO','MOVIE',20),(3000153,'SPORTS HD','SPORTS',17),(3000154,'MTV LIVE','MUSIC',12),(3000155,'CNBC','NEWS',15),(3000155,'MTV LIVE','MUSIC',12),(3000155,'CINEMAX','MOVIE',18),(3000156,'MTV LIVE','MUSIC',12),(3000156,'CINEMAX','MOVIE',18),(3000156,'SPORTS HD','SPORTS',17),(3000157,'CINEMAX','MOVIE',18),(3000157,'HBO','MOVIE',20),(3000158,'MTV LIVE','MUSIC',12),(3000158,'CINEMAX','MOVIE',18),(3000158,'SPORTS HD','SPORTS',17),(3000159,'MTV LIVE','MUSIC',12),(3000159,'HBO','MOVIE',20),(3000160,'CNBC','NEWS',15),(3000160,'MTV LIVE','MUSIC',12),(3000160,'CINEMAX','MOVIE',18),(3000161,'CINEMAX','MOVIE',18),(3000161,'SPORTS HD','SPORTS',17),(3000164,'HBO','MOVIE',20),(3000164,'SPORTS HD','SPORTS',17),(3000165,'MTV LIVE','MUSIC',12),(3000165,'CINEMAX','MOVIE',18),(3000166,'CINEMAX','MOVIE',18),(3000166,'SPORTS HD','SPORTS',17),(3000167,'CINEMAX','MOVIE',18),(3000167,'SPORTS HD','SPORTS',17),(3000168,'SPORTS HD','SPORTS',17),(3000169,'MTV LIVE','MUSIC',12),(3000170,'MTV LIVE','MUSIC',12),(3000170,'SPORTS HD','SPORTS',17),(3000171,'MTV LIVE','MUSIC',12),(3000171,'HBO','MOVIE',20),(3000172,'MTV LIVE','MUSIC',12),(3000172,'SPORTS HD','SPORTS',17),(3000173,'MTV LIVE','MUSIC',12),(3000173,'HBO','MOVIE',20),(3000174,'SPORTS HD','SPORTS',17),(3000175,'CINEMAX','MOVIE',18),(3000175,'HBO','MOVIE',20),(3000175,'SPORTS HD','SPORTS',17),(3000177,'MTV LIVE','MUSIC',12),(3000178,'MTV LIVE','MUSIC',12),(3000179,'CNBC','NEWS',15),(3000179,'MTV LIVE','MUSIC',12),(3000179,'CINEMAX','MOVIE',18),(3000180,'MTV LIVE','MUSIC',12),(3000180,'SPORTS HD','SPORTS',17),(3000181,'CNBC','NEWS',15),(3000182,'CINEMAX','MOVIE',18),(3000182,'SPORTS HD','SPORTS',17),(3000183,'CINEMAX','MOVIE',18),(3000183,'HBO','MOVIE',20),(3000184,'CNBC','NEWS',15),(3000184,'CINEMAX','MOVIE',18),(3000185,'CNBC','NEWS',15),(3000186,'MTV LIVE','MUSIC',12),(3000188,'CNBC','NEWS',15),(3000188,'MTV LIVE','MUSIC',12),(3000188,'CINEMAX','MOVIE',18),(3000188,'HBO','MOVIE',20),(3000188,'SPORTS HD','SPORTS',17),(3000189,'HBO','MOVIE',20),(3000190,'CINEMAX','MOVIE',18),(3000191,'MTV LIVE','MUSIC',12),(3000191,'CINEMAX','MOVIE',18),(3000192,'CINEMAX','MOVIE',18),(3000192,'HBO','MOVIE',20),(3000193,'MTV LIVE','MUSIC',12),(3000194,'CNBC','NEWS',15),(3000194,'MTV LIVE','MUSIC',12),(3000194,'CINEMAX','MOVIE',18),(3000195,'SPORTS HD','SPORTS',17),(3000196,'HBO','MOVIE',20),(3000197,'CNBC','NEWS',15),(3000198,'SPORTS HD','SPORTS',17),(3000199,'SPORTS HD','SPORTS',17),(3000200,'CINEMAX','MOVIE',18),(3000200,'HBO','MOVIE',20),(3000201,'HBO','MOVIE',20),(3000202,'HBO','MOVIE',20),(3000203,'HBO','MOVIE',20),(3000204,'CNBC','NEWS',15),(3000204,'MTV LIVE','MUSIC',12),(3000204,'CINEMAX','MOVIE',18),(3000205,'CNBC','NEWS',15),(3000207,'CNBC','NEWS',15),(3000207,'MTV LIVE','MUSIC',12),(3000207,'CINEMAX','MOVIE',18),(3000207,'SPORTS HD','SPORTS',17),(3000208,'CNBC','NEWS',15),(3000208,'SPORTS HD','SPORTS',17),(3000209,'CNBC','NEWS',15),(3000209,'MTV LIVE','MUSIC',12),(3000209,'HBO','MOVIE',20),(3000209,'SPORTS HD','SPORTS',17),(3000210,'CNBC','NEWS',15),(3000210,'MTV LIVE','MUSIC',12),(3000210,'HBO','MOVIE',20),(3000211,'MTV LIVE','MUSIC',12),(3000211,'HBO','MOVIE',20),(3000212,'HBO','MOVIE',20),(3000213,'MTV LIVE','MUSIC',12),(3000213,'CINEMAX','MOVIE',18),(3000213,'HBO','MOVIE',20),(3000214,'CINEMAX','MOVIE',18),(3000215,'MTV LIVE','MUSIC',12),(3000215,'SPORTS HD','SPORTS',17),(3000216,'MTV LIVE','MUSIC',12),(3000216,'CINEMAX','MOVIE',18),(3000216,'HBO','MOVIE',20),(3000217,'CNBC','NEWS',15),(3000217,'SPORTS HD','SPORTS',17),(3000218,'MTV LIVE','MUSIC',12),(3000218,'CINEMAX','MOVIE',18),(3000218,'HBO','MOVIE',20),(3000218,'SPORTS HD','SPORTS',17),(3000219,'CNBC','NEWS',15),(3000219,'MTV LIVE','MUSIC',12),(3000220,'CNBC','NEWS',15),(3000220,'MTV LIVE','MUSIC',12),(3000220,'CINEMAX','MOVIE',18),(3000220,'HBO','MOVIE',20),(3000221,'CNBC','NEWS',15),(3000221,'MTV LIVE','MUSIC',12),(3000221,'CINEMAX','MOVIE',18),(3000222,'MTV LIVE','MUSIC',12),(3000222,'CINEMAX','MOVIE',18),(3000223,'CNBC','NEWS',15),(3000223,'MTV LIVE','MUSIC',12),(3000223,'CINEMAX','MOVIE',18),(3000224,'CNBC','NEWS',15),(3000224,'MTV LIVE','MUSIC',12),(3000224,'SPORTS HD','SPORTS',17),(3000225,'HBO','MOVIE',20),(3000227,'MTV LIVE','MUSIC',12),(3000227,'HBO','MOVIE',20),(3000228,'CNBC','NEWS',15),(3000228,'CINEMAX','MOVIE',18),(3000228,'HBO','MOVIE',20),(3000229,'HBO','MOVIE',20),(3000230,'MTV LIVE','MUSIC',12),(3000230,'CINEMAX','MOVIE',18),(3000230,'HBO','MOVIE',20),(3000230,'SPORTS HD','SPORTS',17),(3000231,'CNBC','NEWS',15),(3000231,'MTV LIVE','MUSIC',12),(3000231,'CINEMAX','MOVIE',18),(3000231,'HBO','MOVIE',20),(3000231,'SPORTS HD','SPORTS',17),(3000232,'CNBC','NEWS',15),(3000232,'HBO','MOVIE',20),(3000232,'SPORTS HD','SPORTS',17),(3000233,'CNBC','NEWS',15),(3000233,'MTV LIVE','MUSIC',12),(3000234,'CINEMAX','MOVIE',18),(3000235,'CNBC','NEWS',15),(3000236,'CNBC','NEWS',15),(3000236,'SPORTS HD','SPORTS',17),(3000237,'SPORTS HD','SPORTS',17),(3000238,'MTV LIVE','MUSIC',12),(3000238,'CINEMAX','MOVIE',18),(3000238,'HBO','MOVIE',20),(3000238,'SPORTS HD','SPORTS',17),(3000239,'HBO','MOVIE',20),(3000241,'CNBC','NEWS',15),(3000241,'HBO','MOVIE',20),(3000241,'SPORTS HD','SPORTS',17),(3000242,'CNBC','NEWS',15),(3000242,'CINEMAX','MOVIE',18),(3000243,'CINEMAX','MOVIE',18),(3000244,'CNBC','NEWS',15),(3000244,'SPORTS HD','SPORTS',17),(3000245,'CNBC','NEWS',15),(3000245,'CINEMAX','MOVIE',18),(3000245,'HBO','MOVIE',20),(3000246,'MTV LIVE','MUSIC',12),(3000246,'HBO','MOVIE',20),(3000246,'SPORTS HD','SPORTS',17),(3000247,'HBO','MOVIE',20),(3000247,'SPORTS HD','SPORTS',17),(3000248,'CNBC','NEWS',15),(3000248,'CINEMAX','MOVIE',18),(3000248,'HBO','MOVIE',20),(3000248,'SPORTS HD','SPORTS',17),(3000249,'MTV LIVE','MUSIC',12),(3000249,'CINEMAX','MOVIE',18),(3000249,'HBO','MOVIE',20),(3000250,'CNBC','NEWS',15),(3000250,'SPORTS HD','SPORTS',17),(3000251,'CINEMAX','MOVIE',18),(3000252,'CNBC','NEWS',15),(3000252,'HBO','MOVIE',20),(3000252,'SPORTS HD','SPORTS',17),(3000253,'MTV LIVE','MUSIC',12),(3000254,'CNBC','NEWS',15),(3000254,'CINEMAX','MOVIE',18),(3000255,'CNBC','NEWS',15),(3000255,'CINEMAX','MOVIE',18),(3000255,'SPORTS HD','SPORTS',17),(3000256,'CNBC','NEWS',15),(3000256,'CINEMAX','MOVIE',18),(3000257,'MTV LIVE','MUSIC',12),(3000257,'HBO','MOVIE',20),(3000258,'CNBC','NEWS',15),(3000258,'MTV LIVE','MUSIC',12),(3000258,'CINEMAX','MOVIE',18),(3000258,'HBO','MOVIE',20),(3000259,'MTV LIVE','MUSIC',12),(3000259,'CINEMAX','MOVIE',18),(3000259,'HBO','MOVIE',20),(3000260,'CNBC','NEWS',15),(3000260,'CINEMAX','MOVIE',18),(3000260,'HBO','MOVIE',20),(3000261,'HBO','MOVIE',20),(3000261,'SPORTS HD','SPORTS',17),(3000262,'MTV LIVE','MUSIC',12),(3000262,'SPORTS HD','SPORTS',17),(3000263,'HBO','MOVIE',20),(3000265,'CNBC','NEWS',15),(3000265,'MTV LIVE','MUSIC',12),(3000265,'HBO','MOVIE',20),(3000266,'SPORTS HD','SPORTS',17),(3000267,'MTV LIVE','MUSIC',12),(3000267,'CINEMAX','MOVIE',18),(3000268,'CINEMAX','MOVIE',18),(3000269,'CNBC','NEWS',15),(3000269,'CINEMAX','MOVIE',18),(3000269,'SPORTS HD','SPORTS',17),(3000270,'CNBC','NEWS',15),(3000270,'HBO','MOVIE',20),(3000271,'CINEMAX','MOVIE',18),(3000271,'HBO','MOVIE',20),(3000271,'SPORTS HD','SPORTS',17),(3000272,'CNBC','NEWS',15),(3000272,'HBO','MOVIE',20),(3000273,'CNBC','NEWS',15),(3000273,'HBO','MOVIE',20),(3000274,'CINEMAX','MOVIE',18),(3000274,'HBO','MOVIE',20),(3000275,'MTV LIVE','MUSIC',12),(3000276,'CINEMAX','MOVIE',18),(3000276,'HBO','MOVIE',20),(3000277,'CINEMAX','MOVIE',18),(3000278,'CNBC','NEWS',15),(3000278,'MTV LIVE','MUSIC',12),(3000278,'SPORTS HD','SPORTS',17),(3000279,'MTV LIVE','MUSIC',12),(3000281,'CINEMAX','MOVIE',18),(3000281,'SPORTS HD','SPORTS',17),(3000282,'CNBC','NEWS',15),(3000282,'CINEMAX','MOVIE',18),(3000282,'HBO','MOVIE',20),(3000283,'HBO','MOVIE',20),(3000283,'SPORTS HD','SPORTS',17),(3000284,'HBO','MOVIE',20),(3000285,'HBO','MOVIE',20),(3000285,'SPORTS HD','SPORTS',17),(3000286,'CNBC','NEWS',15),(3000286,'CINEMAX','MOVIE',18),(3000287,'MTV LIVE','MUSIC',12),(3000287,'CINEMAX','MOVIE',18),(3000288,'MTV LIVE','MUSIC',12),(3000288,'CINEMAX','MOVIE',18),(3000288,'HBO','MOVIE',20),(3000289,'CINEMAX','MOVIE',18),(3000289,'HBO','MOVIE',20),(3000290,'CINEMAX','MOVIE',18),(3000290,'HBO','MOVIE',20),(3000291,'CINEMAX','MOVIE',18),(3000292,'CNBC','NEWS',15),(3000292,'CINEMAX','MOVIE',18),(3000292,'HBO','MOVIE',20),(3000292,'SPORTS HD','SPORTS',17),(3000293,'MTV LIVE','MUSIC',12),(3000293,'HBO','MOVIE',20),(3000293,'SPORTS HD','SPORTS',17),(3000294,'CINEMAX','MOVIE',18),(3000295,'CNBC','NEWS',15),(3000295,'MTV LIVE','MUSIC',12),(3000295,'HBO','MOVIE',20),(3000296,'HBO','MOVIE',20),(3000296,'SPORTS HD','SPORTS',17),(3000297,'MTV LIVE','MUSIC',12),(3000297,'CINEMAX','MOVIE',18),(3000297,'HBO','MOVIE',20),(3000297,'SPORTS HD','SPORTS',17),(3000299,'CNBC','NEWS',15),(3000299,'CINEMAX','MOVIE',18),(3000299,'HBO','MOVIE',20),(3000300,'MTV LIVE','MUSIC',12),(3000300,'CINEMAX','MOVIE',18),(3000300,'HBO','MOVIE',20),(3000301,'CNBC','NEWS',15),(3000301,'CINEMAX','MOVIE',18),(3000302,'CNBC','NEWS',15),(3000302,'CINEMAX','MOVIE',18),(3000303,'CINEMAX','MOVIE',18),(3000303,'HBO','MOVIE',20),(3000304,'MTV LIVE','MUSIC',12),(3000304,'HBO','MOVIE',20),(3000304,'SPORTS HD','SPORTS',17),(3000305,'CNBC','NEWS',15),(3000305,'MTV LIVE','MUSIC',12),(3000305,'HBO','MOVIE',20),(3000306,'CNBC','NEWS',15),(3000306,'SPORTS HD','SPORTS',17),(3000307,'CNBC','NEWS',15),(3000307,'HBO','MOVIE',20),(3000307,'SPORTS HD','SPORTS',17),(3000308,'CNBC','NEWS',15),(3000309,'MTV LIVE','MUSIC',12),(3000309,'CINEMAX','MOVIE',18),(3000309,'HBO','MOVIE',20),(3000310,'MTV LIVE','MUSIC',12),(3000310,'HBO','MOVIE',20),(3000310,'SPORTS HD','SPORTS',17),(3000311,'CNBC','NEWS',15),(3000311,'CINEMAX','MOVIE',18),(3000311,'SPORTS HD','SPORTS',17),(3000312,'CNBC','NEWS',15),(3000313,'CNBC','NEWS',15),(3000313,'HBO','MOVIE',20),(3000314,'CNBC','NEWS',15),(3000314,'HBO','MOVIE',20),(3000315,'CINEMAX','MOVIE',18),(3000315,'SPORTS HD','SPORTS',17),(3000316,'CNBC','NEWS',15),(3000316,'CINEMAX','MOVIE',18),(3000316,'SPORTS HD','SPORTS',17),(3000318,'MTV LIVE','MUSIC',12),(3000318,'SPORTS HD','SPORTS',17),(3000319,'CNBC','NEWS',15),(3000319,'SPORTS HD','SPORTS',17),(3000320,'MTV LIVE','MUSIC',12),(3000320,'CINEMAX','MOVIE',18),(3000320,'HBO','MOVIE',20),(3000321,'MTV LIVE','MUSIC',12),(3000321,'CINEMAX','MOVIE',18),(3000321,'HBO','MOVIE',20),(3000322,'CNBC','NEWS',15),(3000322,'CINEMAX','MOVIE',18),(3000322,'HBO','MOVIE',20),(3000323,'CNBC','NEWS',15),(3000324,'CNBC','NEWS',15),(3000324,'CINEMAX','MOVIE',18),(3000324,'SPORTS HD','SPORTS',17),(3000325,'CNBC','NEWS',15),(3000325,'MTV LIVE','MUSIC',12),(3000325,'SPORTS HD','SPORTS',17),(3000326,'MTV LIVE','MUSIC',12),(3000326,'CINEMAX','MOVIE',18),(3000326,'HBO','MOVIE',20),(3000327,'CNBC','NEWS',15),(3000327,'MTV LIVE','MUSIC',12),(3000327,'HBO','MOVIE',20),(3000328,'MTV LIVE','MUSIC',12),(3000328,'CINEMAX','MOVIE',18),(3000329,'HBO','MOVIE',20),(3000330,'CNBC','NEWS',15),(3000330,'CINEMAX','MOVIE',18),(3000330,'SPORTS HD','SPORTS',17),(3000332,'HBO','MOVIE',20),(3000333,'MTV LIVE','MUSIC',12),(3000333,'CINEMAX','MOVIE',18),(3000333,'HBO','MOVIE',20),(3000333,'SPORTS HD','SPORTS',17),(3000334,'CNBC','NEWS',15),(3000335,'HBO','MOVIE',20),(3000336,'CNBC','NEWS',15),(3000336,'MTV LIVE','MUSIC',12),(3000336,'CINEMAX','MOVIE',18),(3000337,'CINEMAX','MOVIE',18),(3000337,'HBO','MOVIE',20),(3000338,'HBO','MOVIE',20),(3000338,'SPORTS HD','SPORTS',17),(3000339,'CNBC','NEWS',15),(3000339,'MTV LIVE','MUSIC',12),(3000339,'CINEMAX','MOVIE',18),(3000339,'SPORTS HD','SPORTS',17),(3000341,'MTV LIVE','MUSIC',12),(3000342,'CINEMAX','MOVIE',18),(3000343,'CNBC','NEWS',15),(3000343,'MTV LIVE','MUSIC',12),(3000343,'CINEMAX','MOVIE',18),(3000343,'HBO','MOVIE',20),(3000344,'MTV LIVE','MUSIC',12),(3000344,'CINEMAX','MOVIE',18),(3000344,'SPORTS HD','SPORTS',17),(3000345,'CINEMAX','MOVIE',18),(3000346,'CINEMAX','MOVIE',18),(3000346,'SPORTS HD','SPORTS',17),(3000348,'HBO','MOVIE',20),(3000348,'SPORTS HD','SPORTS',17),(3000349,'SPORTS HD','SPORTS',17),(3000350,'CNBC','NEWS',15),(3000350,'HBO','MOVIE',20),(3000351,'CINEMAX','MOVIE',18),(3000351,'HBO','MOVIE',20),(3000351,'SPORTS HD','SPORTS',17),(3000352,'CNBC','NEWS',15),(3000352,'CINEMAX','MOVIE',18),(3000352,'HBO','MOVIE',20),(3000353,'CINEMAX','MOVIE',18),(3000353,'HBO','MOVIE',20),(3000354,'CNBC','NEWS',15),(3000354,'MTV LIVE','MUSIC',12),(3000354,'CINEMAX','MOVIE',18),(3000354,'SPORTS HD','SPORTS',17),(3000355,'MTV LIVE','MUSIC',12),(3000355,'CINEMAX','MOVIE',18),(3000355,'HBO','MOVIE',20),(3000355,'SPORTS HD','SPORTS',17),(3000356,'SPORTS HD','SPORTS',17),(3000357,'SPORTS HD','SPORTS',17),(3000358,'CINEMAX','MOVIE',18),(3000358,'HBO','MOVIE',20),(3000359,'SPORTS HD','SPORTS',17),(3000360,'MTV LIVE','MUSIC',12),(3000360,'SPORTS HD','SPORTS',17),(3000361,'MTV LIVE','MUSIC',12),(3000361,'HBO','MOVIE',20),(3000362,'CNBC','NEWS',15),(3000362,'MTV LIVE','MUSIC',12),(3000362,'CINEMAX','MOVIE',18),(3000362,'SPORTS HD','SPORTS',17),(3000363,'MTV LIVE','MUSIC',12),(3000363,'CINEMAX','MOVIE',18),(3000364,'MTV LIVE','MUSIC',12),(3000364,'CINEMAX','MOVIE',18),(3000365,'SPORTS HD','SPORTS',17),(3000367,'CINEMAX','MOVIE',18),(3000368,'CNBC','NEWS',15),(3000368,'CINEMAX','MOVIE',18),(3000369,'HBO','MOVIE',20),(3000370,'CNBC','NEWS',15),(3000370,'MTV LIVE','MUSIC',12),(3000370,'CINEMAX','MOVIE',18),(3000370,'SPORTS HD','SPORTS',17),(3000372,'CNBC','NEWS',15),(3000372,'MTV LIVE','MUSIC',12),(3000372,'HBO','MOVIE',20),(3000373,'CNBC','NEWS',15),(3000373,'MTV LIVE','MUSIC',12),(3000373,'CINEMAX','MOVIE',18),(3000373,'HBO','MOVIE',20),(3000374,'HBO','MOVIE',20),(3000374,'SPORTS HD','SPORTS',17),(3000375,'CNBC','NEWS',15),(3000375,'CINEMAX','MOVIE',18),(3000376,'CINEMAX','MOVIE',18),(3000376,'SPORTS HD','SPORTS',17),(3000377,'CINEMAX','MOVIE',18),(3000377,'SPORTS HD','SPORTS',17),(3000378,'MTV LIVE','MUSIC',12),(3000378,'HBO','MOVIE',20),(3000379,'CNBC','NEWS',15),(3000379,'MTV LIVE','MUSIC',12),(3000379,'CINEMAX','MOVIE',18),(3000379,'HBO','MOVIE',20),(3000379,'SPORTS HD','SPORTS',17),(3000380,'CNBC','NEWS',15),(3000380,'MTV LIVE','MUSIC',12),(3000380,'HBO','MOVIE',20),(3000381,'CNBC','NEWS',15),(3000381,'CINEMAX','MOVIE',18),(3000382,'MTV LIVE','MUSIC',12),(3000382,'CINEMAX','MOVIE',18),(3000382,'HBO','MOVIE',20),(3000383,'CINEMAX','MOVIE',18),(3000383,'SPORTS HD','SPORTS',17),(3000384,'CNBC','NEWS',15),(3000384,'CINEMAX','MOVIE',18),(3000385,'HBO','MOVIE',20),(3000387,'CNBC','NEWS',15),(3000387,'MTV LIVE','MUSIC',12),(3000387,'CINEMAX','MOVIE',18),(3000387,'HBO','MOVIE',20),(3000388,'CINEMAX','MOVIE',18),(3000388,'HBO','MOVIE',20),(3000389,'CNBC','NEWS',15),(3000389,'CINEMAX','MOVIE',18),(3000389,'SPORTS HD','SPORTS',17),(3000390,'CNBC','NEWS',15),(3000390,'CINEMAX','MOVIE',18),(3000391,'HBO','MOVIE',20),(3000392,'CNBC','NEWS',15),(3000392,'MTV LIVE','MUSIC',12),(3000392,'CINEMAX','MOVIE',18),(3000392,'HBO','MOVIE',20),(3000393,'CNBC','NEWS',15),(3000393,'HBO','MOVIE',20),(3000394,'CINEMAX','MOVIE',18),(3000394,'HBO','MOVIE',20),(3000396,'CNBC','NEWS',15),(3000396,'MTV LIVE','MUSIC',12),(3000397,'CINEMAX','MOVIE',18),(3000397,'SPORTS HD','SPORTS',17),(3000398,'CNBC','NEWS',15),(3000398,'CINEMAX','MOVIE',18),(3000399,'HBO','MOVIE',20),(3000408,'CNBC','NEWS',15),(3000408,'SPORTS HD','SPORTS',17),(3000409,'MTV LIVE','MUSIC',12),(3000409,'HBO','MOVIE',20),(3000409,'SPORTS HD','SPORTS',17),(3000410,'HBO','MOVIE',20),(3000410,'SPORTS HD','SPORTS',17),(3000411,'CINEMAX','MOVIE',18),(3000411,'SPORTS HD','SPORTS',17),(3000412,'CNBC','NEWS',15),(3000412,'MTV LIVE','MUSIC',12),(3000412,'CINEMAX','MOVIE',18),(3000413,'CNBC','NEWS',15),(3000413,'CINEMAX','MOVIE',18),(3000413,'HBO','MOVIE',20),(3000413,'SPORTS HD','SPORTS',17),(3000414,'CNBC','NEWS',15),(3000414,'SPORTS HD','SPORTS',17),(3000415,'CINEMAX','MOVIE',18),(3000415,'SPORTS HD','SPORTS',17),(3000416,'CNBC','NEWS',15),(3000416,'HBO','MOVIE',20),(3000417,'CNBC','NEWS',15),(3000417,'CINEMAX','MOVIE',18),(3000417,'HBO','MOVIE',20),(3000417,'SPORTS HD','SPORTS',17),(3000418,'CNBC','NEWS',15),(3000418,'MTV LIVE','MUSIC',12),(3000418,'HBO','MOVIE',20),(3000420,'CNBC','NEWS',15),(3000421,'CINEMAX','MOVIE',18),(3000421,'HBO','MOVIE',20),(3000421,'SPORTS HD','SPORTS',17),(3000422,'CNBC','NEWS',15),(3000422,'CINEMAX','MOVIE',18),(3000422,'HBO','MOVIE',20),(3000422,'SPORTS HD','SPORTS',17),(3000424,'CNBC','NEWS',15),(3000424,'CINEMAX','MOVIE',18),(3000424,'HBO','MOVIE',20);
/*!40000 ALTER TABLE `tbl_order_item` ENABLE KEYS */;
UNLOCK TABLES;

--
-- Table structure for table `tbl_work_order`
--

DROP TABLE IF EXISTS `tbl_work_order`;
/*!40101 SET @saved_cs_client     = @@character_set_client */;
/*!50503 SET character_set_client = utf8mb4 */;
CREATE TABLE `tbl_work_order` (
  `ORD_ID_WO` int NOT NULL,
  `CUST_ID_WO` int NOT NULL,
  `HOUSE_ID_WO` int NOT NULL,
  `TYPE_WO` varchar(10) NOT NULL,
  `CREATE_DTE_WO` date NOT NULL,
  `COMPL_DTE_WO` date NOT NULL,
  `STATUS_WO` varchar(5) NOT NULL,
  PRIMARY KEY (`ORD_ID_WO`),
  KEY `FK_KEY_WO` (`HOUSE_ID_WO`,`CUST_ID_WO`),
  CONSTRAINT `FK_KEY_WO` FOREIGN KEY (`HOUSE_ID_WO`, `CUST_ID_WO`) REFERENCES `tbl_house` (`HOUSE_ID_HSE`, `CUST_ID_HSE`)
) ENGINE=InnoDB DEFAULT CHARSET=utf8mb4 COLLATE=utf8mb4_0900_ai_ci;
/*!40101 SET character_set_client = @saved_cs_client */;

--
-- Dumping data for table `tbl_work_order`
--

LOCK TABLES `tbl_work_order` WRITE;
/*!40000 ALTER TABLE `tbl_work_order` DISABLE KEYS */;
INSERT INTO `tbl_work_order` VALUES (3000001,100001,200001,'INSTALL','2010-04-13','2010-04-24','CLOSE'),(3000002,100002,200002,'INSTALL','2015-08-18','2015-08-18','CLOSE'),(3000003,100003,200003,'INSTALL','2011-04-23','2011-04-25','CLOSE'),(3000004,100004,200004,'INSTALL','2015-05-16','2015-05-20','CLOSE'),(3000005,100005,200005,'INSTALL','2011-05-06','2011-05-20','CLOSE'),(3000006,100006,200006,'INSTALL','2010-07-17','2010-07-28','CLOSE'),(3000007,100007,200007,'INSTALL','2013-08-26','2013-09-08','CLOSE'),(3000008,100008,200008,'INSTALL','2017-04-19','2017-04-20','CLOSE'),(3000009,100009,200009,'INSTALL','2015-02-25','2015-03-09','CLOSE'),(3000010,100010,200010,'INSTALL','2010-01-01','2010-01-07','CLOSE'),(3000011,100011,200011,'INSTALL','2017-05-18','2017-05-21','CLOSE'),(3000012,100012,200012,'INSTALL','2017-09-09','2017-09-18','CLOSE'),(3000013,100013,200013,'INSTALL','2013-02-18','2013-02-28','CLOSE'),(3000014,100014,200014,'INSTALL','2013-11-28','2013-12-06','CLOSE'),(3000015,100015,200015,'INSTALL','2012-02-15','2012-02-24','CLOSE'),(3000016,100016,200016,'INSTALL','2017-02-07','2017-02-12','CLOSE'),(3000017,100017,200017,'INSTALL','2015-10-02','2015-10-05','CLOSE'),(3000018,100018,200018,'INSTALL','2010-10-07','2010-10-09','CLOSE'),(3000019,100019,200019,'INSTALL','2011-12-04','2011-12-14','CLOSE'),(3000020,100020,200020,'INSTALL','2012-03-24','2012-03-24','CLOSE'),(3000021,100021,200021,'INSTALL','2010-03-08','2010-03-17','CLOSE'),(3000022,100022,200022,'INSTALL','2015-09-16','2015-09-27','CLOSE'),(3000023,100023,200023,'INSTALL','2016-04-27','2016-05-09','CLOSE'),(3000024,100024,200024,'INSTALL','2014-04-20','2014-04-23','CLOSE'),(3000025,100025,200025,'INSTALL','2015-04-03','2015-04-03','CLOSE'),(3000026,100026,200026,'INSTALL','2010-01-05','2010-01-06','CLOSE'),(3000027,100027,200027,'INSTALL','2010-08-14','2010-08-17','CLOSE'),(3000028,100028,200028,'INSTALL','2013-05-03','2013-05-12','CLOSE'),(3000029,100029,200029,'INSTALL','2013-09-02','2013-09-17','CLOSE'),(3000030,100030,200030,'INSTALL','2013-08-23','2013-09-01','CLOSE'),(3000031,100031,200031,'INSTALL','2014-12-11','2014-12-20','CLOSE'),(3000032,100032,200032,'INSTALL','2011-08-21','2011-08-29','CLOSE'),(3000033,100033,200033,'INSTALL','2014-02-28','2014-03-08','CLOSE'),(3000034,100034,200034,'INSTALL','2014-06-19','2014-06-19','CLOSE'),(3000035,100035,200035,'INSTALL','2016-05-19','2016-06-03','CLOSE'),(3000036,100036,200036,'INSTALL','2010-07-11','2010-07-17','CLOSE'),(3000037,100037,200037,'INSTALL','2011-06-24','2011-07-06','CLOSE'),(3000038,100038,200038,'INSTALL','2015-08-16','2015-08-18','CLOSE'),(3000039,100039,200039,'INSTALL','2016-10-20','2016-10-29','CLOSE'),(3000040,100040,200040,'INSTALL','2017-12-25','2000-01-01','OPEN'),(3000041,100041,200041,'INSTALL','2017-12-13','2017-12-19','CLOSE'),(3000042,100042,200042,'INSTALL','2010-08-26','2010-09-07','CLOSE'),(3000043,100043,200043,'INSTALL','2014-01-26','2014-01-31','CLOSE'),(3000044,100044,200044,'INSTALL','2015-12-24','2016-01-05','CLOSE'),(3000045,100045,200045,'INSTALL','2014-06-11','2014-06-12','CLOSE'),(3000046,100046,200046,'INSTALL','2016-10-22','2016-11-01','CLOSE'),(3000047,100047,200047,'INSTALL','2012-12-25','2013-01-09','CLOSE'),(3000048,100048,200048,'INSTALL','2013-03-01','2013-03-07','CLOSE'),(3000049,100049,200049,'INSTALL','2015-11-16','2015-11-23','CLOSE'),(3000050,100050,200050,'INSTALL','2014-09-27','2014-09-27','CLOSE'),(3000051,100051,200051,'INSTALL','2015-12-09','2015-12-19','CLOSE'),(3000052,100052,200052,'INSTALL','2012-02-17','2012-02-28','CLOSE'),(3000053,100053,200053,'INSTALL','2013-07-05','2013-07-06','CLOSE'),(3000054,100054,200054,'INSTALL','2011-07-17','2011-07-30','CLOSE'),(3000055,100055,200055,'INSTALL','2015-10-16','2015-10-20','CLOSE'),(3000056,100056,200056,'INSTALL','2010-12-07','2010-12-12','CLOSE'),(3000057,100057,200057,'INSTALL','2013-07-07','2013-07-16','CLOSE'),(3000058,100058,200058,'INSTALL','2013-08-14','2013-08-26','CLOSE'),(3000059,100059,200059,'INSTALL','2016-08-04','2016-08-19','CLOSE'),(3000060,100060,200060,'INSTALL','2013-11-26','2013-12-02','CLOSE'),(3000061,100061,200061,'INSTALL','2010-07-19','2010-07-20','CLOSE'),(3000062,100062,200062,'INSTALL','2017-05-10','2017-05-18','CLOSE'),(3000063,100063,200063,'INSTALL','2011-12-18','2011-12-21','CLOSE'),(3000064,100064,200064,'INSTALL','2011-09-25','2011-10-04','CLOSE'),(3000065,100065,200065,'INSTALL','2012-09-28','2012-10-09','CLOSE'),(3000066,100066,200066,'INSTALL','2011-05-09','2011-05-11','CLOSE'),(3000067,100067,200067,'INSTALL','2015-09-16','2015-09-16','CLOSE'),(3000068,100068,200068,'INSTALL','2014-09-18','2014-09-25','CLOSE'),(3000069,100069,200069,'INSTALL','2015-08-22','2015-09-03','CLOSE'),(3000070,100070,200070,'INSTALL','2011-02-11','2011-02-26','CLOSE'),(3000071,100071,200071,'INSTALL','2014-06-07','2014-06-22','CLOSE'),(3000072,100072,200072,'INSTALL','2010-01-24','2010-01-31','CLOSE'),(3000073,100073,200073,'INSTALL','2017-05-24','2017-05-26','CLOSE'),(3000074,100074,200074,'INSTALL','2012-10-08','2012-10-21','CLOSE'),(3000075,100075,200075,'INSTALL','2014-11-14','2014-11-22','CLOSE'),(3000076,100076,200076,'INSTALL','2013-02-10','2013-02-24','CLOSE'),(3000077,100077,200077,'INSTALL','2011-01-14','2011-01-21','CLOSE'),(3000078,100078,200078,'INSTALL','2015-02-18','2015-02-19','CLOSE'),(3000079,100079,200079,'INSTALL','2013-05-12','2013-05-26','CLOSE'),(3000080,100080,200080,'INSTALL','2015-08-12','2015-08-27','CLOSE'),(3000081,100081,200081,'INSTALL','2017-11-09','2017-11-21','CLOSE'),(3000082,100082,200082,'INSTALL','2012-10-11','2012-10-20','CLOSE'),(3000083,100083,200083,'INSTALL','2014-12-07','2014-12-13','CLOSE'),(3000084,100084,200084,'INSTALL','2011-08-27','2011-08-28','CLOSE'),(3000085,100085,200085,'INSTALL','2014-01-08','2014-01-15','CLOSE'),(3000086,100086,200086,'INSTALL','2012-01-14','2012-01-20','CLOSE'),(3000087,100087,200087,'INSTALL','2014-06-01','2014-06-12','CLOSE'),(3000088,100088,200088,'INSTALL','2014-02-23','2014-03-08','CLOSE'),(3000089,100089,200089,'INSTALL','2012-12-25','2013-01-03','CLOSE'),(3000090,100090,200090,'INSTALL','2010-11-26','2010-12-01','CLOSE'),(3000091,100091,200091,'INSTALL','2010-04-12','2010-04-25','CLOSE'),(3000092,100092,200092,'INSTALL','2015-01-24','2015-01-31','CLOSE'),(3000093,100093,200093,'INSTALL','2010-12-18','2010-12-18','CLOSE'),(3000094,100094,200094,'INSTALL','2012-04-01','2012-04-10','CLOSE'),(3000095,100095,200095,'INSTALL','2011-05-10','2011-05-10','CLOSE'),(3000096,100096,200096,'INSTALL','2015-12-01','2015-12-07','CLOSE'),(3000097,100097,200097,'INSTALL','2016-09-23','2016-10-08','CLOSE'),(3000098,100098,200098,'INSTALL','2012-10-02','2012-10-12','CLOSE'),(3000099,100099,200099,'INSTALL','2015-04-16','2015-04-26','CLOSE'),(3000100,100100,200100,'INSTALL','2014-11-07','2014-11-10','CLOSE'),(3000101,100101,200101,'INSTALL','2016-10-20','2016-11-02','CLOSE'),(3000102,100102,200102,'INSTALL','2010-03-17','2010-03-24','CLOSE'),(3000103,100103,200103,'INSTALL','2015-05-25','2015-06-08','CLOSE'),(3000104,100104,200104,'INSTALL','2014-06-17','2014-07-01','CLOSE'),(3000105,100105,200105,'INSTALL','2010-03-26','2010-03-30','CLOSE'),(3000106,100106,200106,'INSTALL','2011-02-18','2011-03-01','CLOSE'),(3000107,100107,200107,'INSTALL','2012-04-07','2012-04-16','CLOSE'),(3000108,100108,200108,'INSTALL','2015-12-03','2015-12-05','CLOSE'),(3000109,100109,200109,'INSTALL','2017-05-11','2017-05-20','CLOSE'),(3000110,100110,200110,'INSTALL','2010-02-07','2010-02-09','CLOSE'),(3000111,100111,200111,'INSTALL','2014-12-07','2014-12-10','CLOSE'),(3000112,100112,200112,'INSTALL','2010-04-22','2010-05-03','CLOSE'),(3000113,100113,200113,'INSTALL','2010-04-12','2010-04-16','CLOSE'),(3000114,100114,200114,'INSTALL','2012-11-27','2012-11-29','CLOSE'),(3000115,100115,200115,'INSTALL','2014-07-19','2014-07-29','CLOSE'),(3000116,100116,200116,'INSTALL','2012-04-18','2012-04-20','CLOSE'),(3000117,100117,200117,'INSTALL','2012-05-22','2012-05-27','CLOSE'),(3000118,100118,200118,'INSTALL','2017-02-23','2017-03-08','CLOSE'),(3000119,100119,200119,'INSTALL','2014-09-01','2014-09-14','CLOSE'),(3000120,100120,200120,'INSTALL','2017-05-14','2017-05-29','CLOSE'),(3000121,100121,200121,'INSTALL','2013-07-19','2013-07-30','CLOSE'),(3000122,100122,200122,'INSTALL','2015-01-15','2015-01-21','CLOSE'),(3000123,100123,200123,'INSTALL','2017-01-15','2017-01-27','CLOSE'),(3000124,100124,200124,'INSTALL','2011-02-28','2011-03-01','CLOSE'),(3000125,100125,200125,'INSTALL','2010-01-06','2010-01-06','CLOSE'),(3000126,100126,200126,'INSTALL','2013-08-25','2013-08-29','CLOSE'),(3000127,100127,200127,'INSTALL','2016-03-22','2016-03-29','CLOSE'),(3000128,100128,200128,'INSTALL','2011-06-19','2011-06-29','CLOSE'),(3000129,100129,200129,'INSTALL','2015-09-16','2015-09-25','CLOSE'),(3000130,100130,200130,'INSTALL','2017-07-22','2017-07-23','CLOSE'),(3000131,100131,200131,'INSTALL','2017-09-14','2017-09-14','CLOSE'),(3000132,100132,200132,'INSTALL','2011-06-24','2011-07-06','CLOSE'),(3000133,100133,200133,'INSTALL','2014-11-17','2014-11-24','CLOSE'),(3000134,100134,200134,'INSTALL','2017-01-22','2017-01-22','CLOSE'),(3000135,100135,200135,'INSTALL','2014-06-19','2014-06-22','CLOSE'),(3000136,100136,200136,'INSTALL','2015-02-23','2015-03-01','CLOSE'),(3000137,100137,200137,'INSTALL','2016-10-19','2016-11-03','CLOSE'),(3000138,100138,200138,'INSTALL','2014-01-24','2014-01-28','CLOSE'),(3000139,100139,200139,'INSTALL','2010-11-09','2010-11-21','CLOSE'),(3000140,100140,200140,'INSTALL','2017-12-23','2000-01-01','OPEN'),(3000141,100141,200141,'INSTALL','2015-06-19','2015-06-27','CLOSE'),(3000142,100142,200142,'INSTALL','2012-01-24','2012-01-26','CLOSE'),(3000143,100143,200143,'INSTALL','2017-01-28','2017-02-12','CLOSE'),(3000144,100144,200144,'INSTALL','2010-02-07','2010-02-13','CLOSE'),(3000145,100145,200145,'INSTALL','2011-04-16','2011-04-19','CLOSE'),(3000146,100146,200146,'INSTALL','2017-11-02','2017-11-06','CLOSE'),(3000147,100147,200147,'INSTALL','2016-03-26','2016-03-26','CLOSE'),(3000148,100148,200148,'INSTALL','2013-01-14','2013-01-20','CLOSE'),(3000149,100149,200149,'INSTALL','2011-05-11','2011-05-24','CLOSE'),(3000150,100150,200150,'INSTALL','2014-06-23','2014-06-27','CLOSE'),(3000151,100151,200151,'INSTALL','2016-04-08','2016-04-20','CLOSE'),(3000152,100152,200152,'INSTALL','2013-01-17','2013-01-30','CLOSE'),(3000153,100153,200153,'INSTALL','2013-10-13','2013-10-26','CLOSE'),(3000154,100154,200154,'INSTALL','2014-02-04','2014-02-16','CLOSE'),(3000155,100155,200155,'INSTALL','2016-11-03','2016-11-15','CLOSE'),(3000156,100156,200156,'INSTALL','2012-01-05','2012-01-12','CLOSE'),(3000157,100157,200157,'INSTALL','2017-11-24','2017-11-25','CLOSE'),(3000158,100158,200158,'INSTALL','2011-04-21','2011-05-02','CLOSE'),(3000159,100159,200159,'INSTALL','2010-04-21','2010-05-04','CLOSE'),(3000160,100160,200160,'INSTALL','2013-12-09','2013-12-21','CLOSE'),(3000161,100161,200161,'INSTALL','2012-03-16','2012-03-24','CLOSE'),(3000162,100162,200162,'INSTALL','2017-04-08','2017-04-16','CLOSE'),(3000163,100163,200163,'INSTALL','2011-04-19','2011-05-02','CLOSE'),(3000164,100164,200164,'INSTALL','2013-07-08','2013-07-16','CLOSE'),(3000165,100165,200165,'INSTALL','2013-06-20','2013-06-26','CLOSE'),(3000166,100166,200166,'INSTALL','2013-07-26','2013-07-29','CLOSE'),(3000167,100167,200167,'INSTALL','2017-05-02','2017-05-02','CLOSE'),(3000168,100168,200168,'INSTALL','2012-11-04','2012-11-17','CLOSE'),(3000169,100169,200169,'INSTALL','2017-05-25','2017-06-07','CLOSE'),(3000170,100170,200170,'INSTALL','2016-03-19','2016-04-02','CLOSE'),(3000171,100171,200171,'INSTALL','2011-02-25','2011-02-26','CLOSE'),(3000172,100172,200172,'INSTALL','2010-07-24','2010-07-27','CLOSE'),(3000173,100173,200173,'INSTALL','2014-12-24','2015-01-05','CLOSE'),(3000174,100174,200174,'INSTALL','2015-11-07','2015-11-17','CLOSE'),(3000175,100175,200175,'INSTALL','2016-07-06','2016-07-13','CLOSE'),(3000176,100176,200176,'INSTALL','2017-08-03','2017-08-07','CLOSE'),(3000177,100177,200177,'INSTALL','2015-09-27','2015-10-01','CLOSE'),(3000178,100178,200178,'INSTALL','2012-06-25','2012-07-01','CLOSE'),(3000179,100179,200179,'INSTALL','2017-10-07','2017-10-19','CLOSE'),(3000180,100180,200180,'INSTALL','2010-10-13','2010-10-16','CLOSE'),(3000181,100181,200181,'INSTALL','2015-05-10','2015-05-10','CLOSE'),(3000182,100182,200182,'INSTALL','2016-12-09','2016-12-10','CLOSE'),(3000183,100183,200183,'INSTALL','2010-02-07','2010-02-07','CLOSE'),(3000184,100184,200184,'INSTALL','2010-02-26','2010-03-08','CLOSE'),(3000185,100185,200185,'INSTALL','2014-06-08','2014-06-19','CLOSE'),(3000186,100186,200186,'INSTALL','2017-03-03','2017-03-15','CLOSE'),(3000187,100187,200187,'INSTALL','2012-06-07','2012-06-10','CLOSE'),(3000188,100188,200188,'INSTALL','2014-11-11','2014-11-25','CLOSE'),(3000189,100189,200189,'INSTALL','2015-01-08','2015-01-13','CLOSE'),(3000190,100190,200190,'INSTALL','2012-11-15','2012-11-21','CLOSE'),(3000191,100191,200191,'INSTALL','2012-12-04','2012-12-12','CLOSE'),(3000192,100192,200192,'INSTALL','2011-12-16','2011-12-21','CLOSE'),(3000193,100193,200193,'INSTALL','2012-12-07','2012-12-11','CLOSE'),(3000194,100194,200194,'INSTALL','2010-05-02','2010-05-09','CLOSE'),(3000195,100195,200195,'INSTALL','2015-12-15','2015-12-22','CLOSE'),(3000196,100196,200196,'INSTALL','2010-10-24','2010-11-07','CLOSE'),(3000197,100197,200197,'INSTALL','2013-12-23','2014-01-01','CLOSE'),(3000198,100198,200198,'INSTALL','2016-02-19','2016-03-02','CLOSE'),(3000199,100199,200199,'INSTALL','2010-03-10','2010-03-15','CLOSE'),(3000200,100200,200200,'INSTALL','2015-10-07','2015-10-13','CLOSE'),(3000201,100201,200201,'INSTALL','2012-06-22','2012-06-30','CLOSE'),(3000202,100202,200202,'INSTALL','2013-03-02','2013-03-13','CLOSE'),(3000203,100203,200203,'INSTALL','2013-12-10','2013-12-13','CLOSE'),(3000204,100204,200204,'INSTALL','2013-05-05','2013-05-13','CLOSE'),(3000205,100205,200205,'INSTALL','2010-12-07','2010-12-12','CLOSE'),(3000206,100206,200206,'INSTALL','2014-11-14','2014-11-28','CLOSE'),(3000207,100207,200207,'INSTALL','2014-01-28','2014-02-08','CLOSE'),(3000208,100208,200208,'INSTALL','2012-10-15','2012-10-18','CLOSE'),(3000209,100209,200209,'INSTALL','2013-11-15','2013-11-23','CLOSE'),(3000210,100210,200210,'INSTALL','2013-07-26','2013-08-02','CLOSE'),(3000211,100211,200211,'INSTALL','2010-07-03','2010-07-11','CLOSE'),(3000212,100212,200212,'INSTALL','2011-09-21','2011-09-23','CLOSE'),(3000213,100213,200213,'INSTALL','2014-12-18','2014-12-22','CLOSE'),(3000214,100214,200214,'INSTALL','2013-01-03','2013-01-05','CLOSE'),(3000215,100215,200215,'INSTALL','2011-12-03','2011-12-05','CLOSE'),(3000216,100216,200216,'INSTALL','2010-08-26','2010-08-29','CLOSE'),(3000217,100217,200217,'INSTALL','2013-02-28','2013-03-12','CLOSE'),(3000218,100218,200218,'INSTALL','2010-08-08','2010-08-18','CLOSE'),(3000219,100219,200219,'INSTALL','2013-10-13','2013-10-22','CLOSE'),(3000220,100220,200220,'INSTALL','2017-12-17','2017-12-30','CLOSE'),(3000221,100221,200221,'INSTALL','2011-05-02','2011-05-05','CLOSE'),(3000222,100222,200222,'INSTALL','2012-04-14','2012-04-25','CLOSE'),(3000223,100223,200223,'INSTALL','2015-03-07','2015-03-16','CLOSE'),(3000224,100224,200224,'INSTALL','2012-12-14','2012-12-20','CLOSE'),(3000225,100225,200225,'INSTALL','2013-12-26','2014-01-08','CLOSE'),(3000226,100226,200226,'INSTALL','2012-11-23','2012-12-04','CLOSE'),(3000227,100227,200227,'INSTALL','2012-03-13','2012-03-21','CLOSE'),(3000228,100228,200228,'INSTALL','2014-11-06','2014-11-13','CLOSE'),(3000229,100229,200229,'INSTALL','2014-07-22','2014-07-27','CLOSE'),(3000230,100230,200230,'INSTALL','2013-07-04','2013-07-11','CLOSE'),(3000231,100231,200231,'INSTALL','2015-08-28','2015-09-02','CLOSE'),(3000232,100232,200232,'INSTALL','2012-08-06','2012-08-14','CLOSE'),(3000233,100233,200233,'INSTALL','2017-12-10','2017-12-12','CLOSE'),(3000234,100234,200234,'INSTALL','2014-11-24','2014-12-01','CLOSE'),(3000235,100235,200235,'INSTALL','2013-12-03','2013-12-14','CLOSE'),(3000236,100236,200236,'INSTALL','2015-08-12','2015-08-12','CLOSE'),(3000237,100237,200237,'INSTALL','2014-03-08','2014-03-12','CLOSE'),(3000238,100238,200238,'INSTALL','2016-01-15','2016-01-26','CLOSE'),(3000239,100239,200239,'INSTALL','2011-02-22','2011-03-03','CLOSE'),(3000240,100240,200240,'INSTALL','2017-12-23','2000-01-01','OPEN'),(3000241,100241,200241,'INSTALL','2014-05-01','2014-05-05','CLOSE'),(3000242,100242,200242,'INSTALL','2014-10-14','2014-10-17','CLOSE'),(3000243,100243,200243,'INSTALL','2012-02-08','2012-02-20','CLOSE'),(3000244,100244,200244,'INSTALL','2016-03-12','2016-03-17','CLOSE'),(3000245,100245,200245,'INSTALL','2015-02-17','2015-02-27','CLOSE'),(3000246,100246,200246,'INSTALL','2010-06-13','2010-06-22','CLOSE'),(3000247,100247,200247,'INSTALL','2011-07-05','2011-07-14','CLOSE'),(3000248,100248,200248,'INSTALL','2013-10-19','2013-10-29','CLOSE'),(3000249,100249,200249,'INSTALL','2011-03-19','2011-03-27','CLOSE'),(3000250,100250,200250,'INSTALL','2016-02-18','2016-02-26','CLOSE'),(3000251,100251,200251,'INSTALL','2015-10-10','2015-10-20','CLOSE'),(3000252,100252,200252,'INSTALL','2015-06-18','2015-06-28','CLOSE'),(3000253,100253,200253,'INSTALL','2017-05-17','2017-05-17','CLOSE'),(3000254,100254,200254,'INSTALL','2013-01-26','2013-01-31','CLOSE'),(3000255,100255,200255,'INSTALL','2012-03-23','2012-03-28','CLOSE'),(3000256,100256,200256,'INSTALL','2013-12-16','2013-12-18','CLOSE'),(3000257,100257,200257,'INSTALL','2010-12-18','2010-12-31','CLOSE'),(3000258,100258,200258,'INSTALL','2013-12-15','2013-12-26','CLOSE'),(3000259,100259,200259,'INSTALL','2015-11-14','2015-11-19','CLOSE'),(3000260,100260,200260,'INSTALL','2016-09-13','2016-09-19','CLOSE'),(3000261,100261,200261,'INSTALL','2010-11-13','2010-11-16','CLOSE'),(3000262,100262,200262,'INSTALL','2017-02-27','2017-03-13','CLOSE'),(3000263,100263,200263,'INSTALL','2010-08-08','2010-08-08','CLOSE'),(3000264,100264,200264,'INSTALL','2012-03-24','2012-04-06','CLOSE'),(3000265,100265,200265,'INSTALL','2014-12-25','2015-01-09','CLOSE'),(3000266,100266,200266,'INSTALL','2016-03-05','2016-03-20','CLOSE'),(3000267,100267,200267,'INSTALL','2016-06-21','2016-07-01','CLOSE'),(3000268,100268,200268,'INSTALL','2015-09-01','2015-09-07','CLOSE'),(3000269,100269,200269,'INSTALL','2010-01-11','2010-01-19','CLOSE'),(3000270,100270,200270,'INSTALL','2016-04-10','2016-04-15','CLOSE'),(3000271,100271,200271,'INSTALL','2015-02-03','2015-02-09','CLOSE'),(3000272,100272,200272,'INSTALL','2014-12-28','2015-01-12','CLOSE'),(3000273,100273,200273,'INSTALL','2016-04-12','2016-04-25','CLOSE'),(3000274,100274,200274,'INSTALL','2011-02-11','2011-02-26','CLOSE'),(3000275,100275,200275,'INSTALL','2013-03-07','2013-03-07','CLOSE'),(3000276,100276,200276,'INSTALL','2013-03-18','2013-03-31','CLOSE'),(3000277,100277,200277,'INSTALL','2011-02-19','2011-03-04','CLOSE'),(3000278,100278,200278,'INSTALL','2017-07-18','2017-07-21','CLOSE'),(3000279,100279,200279,'INSTALL','2012-12-02','2012-12-10','CLOSE'),(3000280,100280,200280,'INSTALL','2013-05-28','2013-06-08','CLOSE'),(3000281,100281,200281,'INSTALL','2015-10-03','2015-10-13','CLOSE'),(3000282,100282,200282,'INSTALL','2014-11-12','2014-11-18','CLOSE'),(3000283,100283,200283,'INSTALL','2014-01-16','2014-01-31','CLOSE'),(3000284,100284,200284,'INSTALL','2015-12-18','2015-12-27','CLOSE'),(3000285,100285,200285,'INSTALL','2015-02-25','2015-03-08','CLOSE'),(3000286,100286,200286,'INSTALL','2011-01-24','2011-01-28','CLOSE'),(3000287,100287,200287,'INSTALL','2017-07-15','2017-07-22','CLOSE'),(3000288,100288,200288,'INSTALL','2015-01-10','2015-01-15','CLOSE'),(3000289,100289,200289,'INSTALL','2017-11-08','2017-11-18','CLOSE'),(3000290,100290,200290,'INSTALL','2017-08-26','2017-08-27','CLOSE'),(3000291,100291,200291,'INSTALL','2014-06-27','2014-07-02','CLOSE'),(3000292,100292,200292,'INSTALL','2012-01-07','2012-01-07','CLOSE'),(3000293,100293,200293,'INSTALL','2014-09-18','2014-09-23','CLOSE'),(3000294,100294,200294,'INSTALL','2013-10-21','2013-10-29','CLOSE'),(3000295,100295,200295,'INSTALL','2017-02-16','2017-02-24','CLOSE'),(3000296,100296,200296,'INSTALL','2011-03-07','2011-03-08','CLOSE'),(3000297,100297,200297,'INSTALL','2016-09-24','2016-09-29','CLOSE'),(3000298,100298,200298,'INSTALL','2010-01-12','2010-01-27','CLOSE'),(3000299,100299,200299,'INSTALL','2016-04-11','2016-04-20','CLOSE'),(3000300,100300,200300,'INSTALL','2016-08-26','2016-09-07','CLOSE'),(3000301,100301,200301,'INSTALL','2011-02-14','2011-02-15','CLOSE'),(3000302,100302,200302,'INSTALL','2015-10-26','2015-10-27','CLOSE'),(3000303,100303,200303,'INSTALL','2013-07-18','2013-07-30','CLOSE'),(3000304,100304,200304,'INSTALL','2013-11-15','2013-11-29','CLOSE'),(3000305,100305,200305,'INSTALL','2016-10-15','2016-10-19','CLOSE'),(3000306,100306,200306,'INSTALL','2016-01-05','2016-01-12','CLOSE'),(3000307,100307,200307,'INSTALL','2012-08-24','2012-09-06','CLOSE'),(3000308,100308,200308,'INSTALL','2012-05-04','2012-05-14','CLOSE'),(3000309,100309,200309,'INSTALL','2011-05-18','2011-05-20','CLOSE'),(3000310,100310,200310,'INSTALL','2014-03-15','2014-03-20','CLOSE'),(3000311,100311,200311,'INSTALL','2010-02-10','2010-02-23','CLOSE'),(3000312,100312,200312,'INSTALL','2014-05-27','2014-06-01','CLOSE'),(3000313,100313,200313,'INSTALL','2011-09-24','2011-10-08','CLOSE'),(3000314,100314,200314,'INSTALL','2017-08-26','2017-08-26','CLOSE'),(3000315,100315,200315,'INSTALL','2015-12-22','2015-12-25','CLOSE'),(3000316,100316,200316,'INSTALL','2014-02-04','2014-02-12','CLOSE'),(3000317,100317,200317,'INSTALL','2011-09-18','2011-09-30','CLOSE'),(3000318,100318,200318,'INSTALL','2016-09-01','2016-09-07','CLOSE'),(3000319,100319,200319,'INSTALL','2013-12-04','2013-12-14','CLOSE'),(3000320,100320,200320,'INSTALL','2015-05-17','2015-05-27','CLOSE'),(3000321,100321,200321,'INSTALL','2015-03-15','2015-03-17','CLOSE'),(3000322,100322,200322,'INSTALL','2012-01-10','2012-01-18','CLOSE'),(3000323,100323,200323,'INSTALL','2016-01-21','2016-01-31','CLOSE'),(3000324,100324,200324,'INSTALL','2011-07-26','2011-08-06','CLOSE'),(3000325,100325,200325,'INSTALL','2011-06-13','2011-06-17','CLOSE'),(3000326,100326,200326,'INSTALL','2012-11-07','2012-11-07','CLOSE'),(3000327,100327,200327,'INSTALL','2011-06-13','2011-06-22','CLOSE'),(3000328,100328,200328,'INSTALL','2017-10-07','2017-10-13','CLOSE'),(3000329,100329,200329,'INSTALL','2013-05-16','2013-05-19','CLOSE'),(3000330,100330,200330,'INSTALL','2010-01-07','2010-01-15','CLOSE'),(3000331,100331,200331,'INSTALL','2017-04-19','2017-04-24','CLOSE'),(3000332,100332,200332,'INSTALL','2010-09-18','2010-09-18','CLOSE'),(3000333,100333,200333,'INSTALL','2016-01-27','2016-02-04','CLOSE'),(3000334,100334,200334,'INSTALL','2010-03-07','2010-03-16','CLOSE'),(3000335,100335,200335,'INSTALL','2012-07-23','2012-07-24','CLOSE'),(3000336,100336,200336,'INSTALL','2015-10-14','2015-10-16','CLOSE'),(3000337,100337,200337,'INSTALL','2014-07-27','2014-08-05','CLOSE'),(3000338,100338,200338,'INSTALL','2012-07-25','2012-08-06','CLOSE'),(3000339,100339,200339,'INSTALL','2017-07-24','2017-07-25','CLOSE'),(3000340,100340,200340,'INSTALL','2017-12-31','2000-01-01','OPEN'),(3000341,100341,200341,'INSTALL','2014-12-09','2014-12-22','CLOSE'),(3000342,100342,200342,'INSTALL','2012-09-22','2012-10-05','CLOSE'),(3000343,100343,200343,'INSTALL','2013-11-12','2013-11-15','CLOSE'),(3000344,100344,200344,'INSTALL','2011-09-13','2011-09-20','CLOSE'),(3000345,100345,200345,'INSTALL','2013-12-27','2014-01-09','CLOSE'),(3000346,100346,200346,'INSTALL','2015-11-14','2015-11-20','CLOSE'),(3000347,100347,200347,'INSTALL','2013-09-10','2013-09-20','CLOSE'),(3000348,100348,200348,'INSTALL','2013-08-24','2013-09-05','CLOSE'),(3000349,100349,200349,'INSTALL','2015-12-28','2016-01-04','CLOSE'),(3000350,100350,200350,'INSTALL','2016-03-11','2016-03-23','CLOSE'),(3000351,100351,200351,'INSTALL','2014-02-03','2014-02-13','CLOSE'),(3000352,100352,200352,'INSTALL','2012-07-07','2012-07-10','CLOSE'),(3000353,100353,200353,'INSTALL','2014-11-19','2014-11-22','CLOSE'),(3000354,100354,200354,'INSTALL','2010-03-07','2010-03-07','CLOSE'),(3000355,100355,200355,'INSTALL','2015-11-14','2015-11-25','CLOSE'),(3000356,100356,200356,'INSTALL','2012-03-06','2012-03-20','CLOSE'),(3000357,100357,200357,'INSTALL','2014-10-14','2014-10-25','CLOSE'),(3000358,100358,200358,'INSTALL','2013-08-02','2013-08-15','CLOSE'),(3000359,100359,200359,'INSTALL','2013-01-13','2013-01-21','CLOSE'),(3000360,100360,200360,'INSTALL','2015-10-10','2015-10-15','CLOSE'),(3000361,100361,200361,'INSTALL','2016-11-14','2016-11-26','CLOSE'),(3000362,100362,200362,'INSTALL','2015-09-05','2015-09-16','CLOSE'),(3000363,100363,200363,'INSTALL','2010-02-28','2010-03-15','CLOSE'),(3000364,100364,200364,'INSTALL','2014-08-28','2014-09-12','CLOSE'),(3000365,100365,200365,'INSTALL','2014-10-26','2014-11-08','CLOSE'),(3000366,100366,200366,'INSTALL','2014-02-08','2014-02-20','CLOSE'),(3000367,100367,200367,'INSTALL','2011-10-28','2011-10-31','CLOSE'),(3000368,100368,200368,'INSTALL','2017-07-09','2017-07-17','CLOSE'),(3000369,100369,200369,'INSTALL','2011-09-02','2011-09-03','CLOSE'),(3000370,100370,200370,'INSTALL','2011-09-28','2011-10-13','CLOSE'),(3000371,100371,200371,'INSTALL','2017-11-18','2017-11-20','CLOSE'),(3000372,100372,200372,'INSTALL','2014-03-05','2014-03-20','CLOSE'),(3000373,100373,200373,'INSTALL','2010-07-10','2010-07-14','CLOSE'),(3000374,100374,200374,'INSTALL','2017-03-25','2017-04-08','CLOSE'),(3000375,100375,200375,'INSTALL','2016-03-05','2016-03-11','CLOSE'),(3000376,100376,200376,'INSTALL','2010-04-24','2010-04-27','CLOSE'),(3000377,100377,200377,'INSTALL','2011-07-18','2011-07-25','CLOSE'),(3000378,100378,200378,'INSTALL','2010-12-21','2011-01-01','CLOSE'),(3000379,100379,200379,'INSTALL','2011-12-17','2012-01-01','CLOSE'),(3000380,100380,200380,'INSTALL','2011-01-21','2011-02-02','CLOSE'),(3000381,100381,200381,'INSTALL','2014-01-21','2014-02-02','CLOSE'),(3000382,100382,200382,'INSTALL','2016-07-26','2016-08-03','CLOSE'),(3000383,100383,200383,'INSTALL','2010-04-04','2010-04-05','CLOSE'),(3000384,100384,200384,'INSTALL','2014-05-03','2014-05-05','CLOSE'),(3000385,100385,200385,'INSTALL','2015-10-01','2015-10-06','CLOSE'),(3000386,100386,200386,'INSTALL','2011-03-21','2011-03-21','CLOSE'),(3000387,100387,200387,'INSTALL','2010-12-20','2010-12-26','CLOSE'),(3000388,100388,200388,'INSTALL','2017-10-12','2017-10-18','CLOSE'),(3000389,100389,200389,'INSTALL','2013-02-23','2013-03-09','CLOSE'),(3000390,100390,200390,'INSTALL','2010-04-27','2010-05-05','CLOSE'),(3000391,100391,200391,'INSTALL','2016-03-20','2016-03-25','CLOSE'),(3000392,100392,200392,'INSTALL','2015-10-18','2015-10-21','CLOSE'),(3000393,100393,200393,'INSTALL','2011-05-25','2011-06-07','CLOSE'),(3000394,100394,200394,'INSTALL','2014-09-20','2014-10-03','CLOSE'),(3000395,100395,200395,'INSTALL','2011-04-23','2011-04-26','CLOSE'),(3000396,100396,200396,'INSTALL','2015-08-03','2015-08-14','CLOSE'),(3000397,100397,200397,'INSTALL','2012-09-23','2012-09-25','CLOSE'),(3000398,100398,200398,'INSTALL','2012-01-18','2012-01-29','CLOSE'),(3000399,100399,200399,'INSTALL','2014-01-13','2014-01-26','CLOSE'),(3000400,100400,200400,'INSTALL','2017-12-25','2000-01-01','OPEN'),(3000401,100401,200401,'INSTALL','2017-12-29','2000-01-01','OPEN'),(3000402,100402,200402,'INSTALL','2017-12-22','2000-01-01','OPEN'),(3000403,100403,200403,'INSTALL','2017-12-25','2000-01-01','OPEN'),(3000404,100404,200404,'INSTALL','2017-12-26','2000-01-01','OPEN'),(3000405,100405,200405,'INSTALL','2017-12-22','2000-01-01','OPEN'),(3000406,100406,200406,'INSTALL','2017-12-23','2000-01-01','OPEN'),(3000407,100407,200407,'INSTALL','2017-12-31','2000-01-01','OPEN'),(3000408,100419,200419,'INSTALL','2013-09-05','2013-09-06','CLOSE'),(3000409,100420,200420,'INSTALL','2014-08-14','2014-08-18','CLOSE'),(3000410,100421,200421,'INSTALL','2012-03-23','2012-03-26','CLOSE'),(3000411,100422,200422,'INSTALL','2017-03-18','2017-03-26','CLOSE'),(3000412,100423,200423,'INSTALL','2013-07-21','2013-07-27','CLOSE'),(3000413,100424,200424,'INSTALL','2015-09-08','2015-09-12','CLOSE'),(3000414,100425,200425,'INSTALL','2011-01-28','2011-02-06','CLOSE'),(3000415,100426,200426,'INSTALL','2013-11-22','2013-11-27','CLOSE'),(3000416,100427,200427,'INSTALL','2010-03-13','2010-03-13','CLOSE'),(3000417,100428,200428,'INSTALL','2011-06-07','2011-06-18','CLOSE'),(3000418,100429,200429,'INSTALL','2016-02-20','2016-03-05','CLOSE'),(3000419,100430,200430,'INSTALL','2014-02-08','2014-02-09','CLOSE'),(3000420,100313,200431,'INSTALL','2015-10-18','2015-10-21','CLOSE'),(3000421,100178,200432,'INSTALL','2011-05-25','2011-06-07','CLOSE'),(3000422,100421,200433,'INSTALL','2014-09-20','2014-10-03','CLOSE'),(3000423,100040,200434,'INSTALL','2011-04-23','2011-04-26','CLOSE'),(3000424,100211,200435,'INSTALL','2015-08-03','2015-08-14','CLOSE'),(3000425,100081,200436,'INSTALL','2012-09-23','2012-09-25','CLOSE'),(3000426,100037,200437,'INSTALL','2012-01-18','2012-01-29','CLOSE'),(3000427,100023,200438,'INSTALL','2014-01-13','2014-01-26','CLOSE'),(3000428,100083,200439,'INSTALL','2017-12-25','2000-01-01','OPEN'),(3000429,100247,200440,'INSTALL','2017-12-29','2000-01-01','OPEN'),(3000430,100420,200441,'INSTALL','2017-12-22','2000-01-01','OPEN'),(3000431,100269,200442,'INSTALL','2017-12-25','2000-01-01','OPEN'),(3000432,100005,200443,'INSTALL','2017-12-26','2000-01-01','OPEN'),(3000433,100031,200444,'INSTALL','2017-12-22','2000-01-01','OPEN'),(3000434,100088,200445,'INSTALL','2017-12-23','2000-01-01','OPEN'),(3000435,100075,200446,'INSTALL','2017-12-31','2000-01-01','OPEN'),(3000436,100321,200447,'INSTALL','2017-12-22','2000-01-01','OPEN'),(3000437,100097,200448,'INSTALL','2017-12-26','2000-01-01','OPEN'),(3000438,100139,200449,'INSTALL','2014-08-27','2014-08-28','CLOSE'),(3000439,100070,200450,'INSTALL','2012-11-17','2012-11-27','CLOSE'),(3000440,100146,200451,'INSTALL','2011-06-27','2011-07-11','CLOSE'),(3000441,100324,200452,'INSTALL','2012-12-16','2012-12-27','CLOSE'),(3000442,100385,200453,'INSTALL','2010-09-07','2010-09-07','CLOSE'),(3000443,100041,200454,'INSTALL','2011-06-04','2011-06-08','CLOSE'),(3000444,100081,200455,'INSTALL','2011-02-16','2011-02-28','CLOSE'),(3000445,100372,200456,'INSTALL','2016-11-19','2016-11-28','CLOSE'),(3000446,100218,200457,'INSTALL','2017-04-19','2017-04-26','CLOSE'),(3000447,100079,200458,'INSTALL','2013-09-05','2013-09-06','CLOSE'),(3000448,100343,200459,'INSTALL','2014-08-14','2014-08-18','CLOSE'),(3000449,100231,200460,'INSTALL','2012-03-23','2012-03-26','CLOSE'),(3000450,100166,200461,'INSTALL','2017-03-18','2017-03-26','CLOSE'),(3000451,100029,200462,'INSTALL','2013-07-21','2013-07-27','CLOSE'),(3000452,100059,200463,'INSTALL','2015-09-08','2015-09-12','CLOSE'),(3000453,100066,200464,'INSTALL','2011-01-28','2011-02-06','CLOSE'),(3000454,100189,200465,'INSTALL','2015-12-18','2015-12-27','CLOSE'),(3000455,100066,200466,'INSTALL','2015-02-25','2015-03-08','CLOSE'),(3000456,100402,200467,'INSTALL','2011-01-24','2011-01-28','CLOSE'),(3000457,100423,200468,'INSTALL','2017-07-15','2017-07-22','CLOSE'),(3000458,100274,200469,'INSTALL','2015-01-10','2015-01-15','CLOSE'),(3000459,100142,200470,'INSTALL','2017-11-08','2017-11-18','CLOSE'),(3000460,100008,200471,'INSTALL','2017-08-26','2017-08-27','CLOSE'),(3000461,100288,200472,'INSTALL','2014-06-27','2014-07-02','CLOSE'),(3000462,100287,200473,'INSTALL','2012-01-07','2012-01-07','CLOSE'),(3000463,100127,200474,'INSTALL','2014-09-18','2014-09-23','CLOSE'),(3000464,100029,200475,'INSTALL','2013-10-21','2013-10-29','CLOSE'),(3000465,100104,200476,'INSTALL','2017-02-16','2017-02-24','CLOSE'),(3000466,100081,200477,'INSTALL','2011-03-07','2011-03-08','CLOSE'),(3000467,100065,200478,'INSTALL','2016-09-24','2016-09-29','CLOSE'),(3000468,100316,200479,'INSTALL','2010-01-12','2010-01-27','CLOSE'),(3000469,100267,200480,'INSTALL','2016-04-11','2016-04-20','CLOSE'),(3000470,100096,200481,'INSTALL','2016-08-26','2016-09-07','CLOSE'),(3000471,100316,200482,'INSTALL','2011-02-14','2011-02-15','CLOSE'),(3000472,100184,200483,'INSTALL','2015-10-26','2015-10-27','CLOSE'),(3000473,100197,200484,'INSTALL','2013-07-18','2013-07-30','CLOSE'),(3000474,100195,200485,'INSTALL','2013-11-15','2013-11-29','CLOSE'),(3000475,100178,200486,'INSTALL','2016-10-15','2016-10-19','CLOSE'),(3000476,100169,200487,'INSTALL','2016-01-05','2016-01-12','CLOSE'),(3000477,100038,200488,'INSTALL','2012-08-24','2012-09-06','CLOSE'),(3000478,100373,200489,'INSTALL','2012-05-04','2012-05-14','CLOSE'),(3000479,100192,200490,'INSTALL','2011-05-18','2011-05-20','CLOSE'),(3000480,100005,200491,'INSTALL','2014-03-15','2014-03-20','CLOSE'),(3000481,100252,200492,'INSTALL','2010-02-10','2010-02-23','CLOSE'),(3000482,100253,200493,'INSTALL','2014-05-27','2014-06-01','CLOSE'),(3000483,100165,200494,'INSTALL','2011-09-24','2011-10-08','CLOSE'),(3000484,100127,200495,'INSTALL','2017-08-26','2017-08-26','CLOSE'),(3000485,100224,200496,'INSTALL','2015-12-22','2015-12-25','CLOSE'),(3000486,100067,200497,'INSTALL','2014-02-04','2014-02-12','CLOSE'),(3000487,100052,200498,'INSTALL','2011-09-18','2011-09-30','CLOSE'),(3000488,100408,200499,'INSTALL','2016-09-01','2016-09-07','CLOSE'),(3000489,100370,200500,'INSTALL','2013-12-04','2013-12-14','CLOSE'),(3000490,100003,200003,'DISCONNECT','2012-11-03','2012-11-25','CLOSE'),(3000491,100013,200013,'DISCONNECT','2014-09-29','2014-10-09','CLOSE'),(3000492,100017,200017,'DISCONNECT','2017-05-03','2017-05-24','CLOSE'),(3000493,100028,200028,'DISCONNECT','2015-02-17','2015-03-13','CLOSE'),(3000494,100047,200047,'DISCONNECT','2013-11-21','2013-12-04','CLOSE'),(3000495,100052,200052,'DISCONNECT','2013-04-12','2013-04-26','CLOSE'),(3000496,100061,200061,'DISCONNECT','2011-04-13','2011-04-23','CLOSE'),(3000497,100062,200062,'DISCONNECT','2017-08-09','2017-08-28','CLOSE'),(3000498,100066,200066,'DISCONNECT','2012-11-14','2012-12-07','CLOSE'),(3000499,100102,200102,'DISCONNECT','2011-07-21','2011-08-13','CLOSE'),(3000500,100116,200116,'DISCONNECT','2012-09-01','2012-09-26','CLOSE'),(3000501,100159,200159,'DISCONNECT','2011-04-24','2011-05-13','CLOSE'),(3000502,100171,200171,'DISCONNECT','2011-05-30','2011-06-13','CLOSE'),(3000503,100189,200189,'DISCONNECT','2016-07-25','2016-08-10','CLOSE'),(3000504,100196,200196,'DISCONNECT','2012-02-14','2012-03-08','CLOSE'),(3000505,100221,200221,'DISCONNECT','2012-09-07','2012-09-21','CLOSE'),(3000506,100233,200233,'DISCONNECT','2017-12-22','2000-01-01','OPEN'),(3000507,100237,200237,'DISCONNECT','2015-08-06','2015-08-22','CLOSE'),(3000508,100239,200239,'DISCONNECT','2011-12-08','2011-12-20','CLOSE'),(3000509,100252,200252,'DISCONNECT','2017-02-22','2017-03-15','CLOSE'),(3000510,100258,200258,'DISCONNECT','2015-04-06','2015-04-30','CLOSE'),(3000511,100260,200260,'DISCONNECT','2017-11-03','2017-11-28','CLOSE'),(3000512,100271,200271,'DISCONNECT','2016-06-21','2016-07-04','CLOSE'),(3000513,100272,200272,'DISCONNECT','2015-04-24','2015-05-15','CLOSE'),(3000514,100283,200283,'DISCONNECT','2015-04-01','2015-04-11','CLOSE'),(3000515,100304,200304,'DISCONNECT','2015-03-01','2015-03-11','CLOSE'),(3000516,100312,200312,'DISCONNECT','2014-12-16','2015-01-08','CLOSE'),(3000517,100326,200326,'DISCONNECT','2013-09-24','2013-10-09','CLOSE'),(3000518,100334,200334,'DISCONNECT','2011-07-06','2011-07-29','CLOSE'),(3000519,100351,200351,'DISCONNECT','2015-07-31','2015-08-10','CLOSE'),(3000520,100355,200355,'DISCONNECT','2016-07-21','2016-08-10','CLOSE'),(3000521,100356,200356,'DISCONNECT','2013-09-02','2013-09-12','CLOSE'),(3000522,100372,200372,'DISCONNECT','2014-09-17','2014-10-03','CLOSE'),(3000523,100383,200383,'DISCONNECT','2012-02-14','2012-02-25','CLOSE'),(3000524,100428,200428,'DISCONNECT','2012-08-13','2012-08-28','CLOSE'),(3000525,100385,200453,'DISCONNECT','2012-07-29','2012-08-15','CLOSE'),(3000526,100066,200464,'DISCONNECT','2011-04-17','2011-05-07','CLOSE'),(3000527,100178,200486,'DISCONNECT','2017-12-24','2000-01-01','OPEN'),(3000528,100253,200493,'DISCONNECT','2015-10-28','2015-11-16','CLOSE'),(3000529,100123,200123,'DISCONNECT','2017-12-15','2000-01-01','OPEN'),(3000530,100146,200146,'DISCONNECT','2017-12-31','2017-01-01','OPEN'),(3000531,100155,200155,'DISCONNECT','2017-12-30','2017-01-01','OPEN');
/*!40000 ALTER TABLE `tbl_work_order` ENABLE KEYS */;
UNLOCK TABLES;

--
-- Dumping events for database 'db_customerinfo'
--
/*!40103 SET TIME_ZONE=@OLD_TIME_ZONE */;

/*!40101 SET SQL_MODE=@OLD_SQL_MODE */;
/*!40014 SET FOREIGN_KEY_CHECKS=@OLD_FOREIGN_KEY_CHECKS */;
/*!40014 SET UNIQUE_CHECKS=@OLD_UNIQUE_CHECKS */;
/*!40101 SET CHARACTER_SET_CLIENT=@OLD_CHARACTER_SET_CLIENT */;
/*!40101 SET CHARACTER_SET_RESULTS=@OLD_CHARACTER_SET_RESULTS */;
/*!40101 SET COLLATION_CONNECTION=@OLD_COLLATION_CONNECTION */;
/*!40111 SET SQL_NOTES=@OLD_SQL_NOTES */;

-- Dump completed on 2021-06-30  8:48:43
